/*
SQLyog Community v13.1.7 (64 bit)
MySQL - 10.4.32-MariaDB : Database - cellsecure
*********************************************************************
*/

/*!40101 SET NAMES utf8 */;

/*!40101 SET SQL_MODE=''*/;

/*!40014 SET @OLD_UNIQUE_CHECKS=@@UNIQUE_CHECKS, UNIQUE_CHECKS=0 */;
/*!40014 SET @OLD_FOREIGN_KEY_CHECKS=@@FOREIGN_KEY_CHECKS, FOREIGN_KEY_CHECKS=0 */;
/*!40101 SET @OLD_SQL_MODE=@@SQL_MODE, SQL_MODE='NO_AUTO_VALUE_ON_ZERO' */;
/*!40111 SET @OLD_SQL_NOTES=@@SQL_NOTES, SQL_NOTES=0 */;
CREATE DATABASE /*!32312 IF NOT EXISTS*/`cellsecure` /*!40100 DEFAULT CHARACTER SET utf8mb4 COLLATE utf8mb4_general_ci */;

USE `cellsecure`;

/*Table structure for table `auth_group` */

DROP TABLE IF EXISTS `auth_group`;

CREATE TABLE `auth_group` (
  `id` int(11) NOT NULL AUTO_INCREMENT,
  `name` varchar(150) NOT NULL,
  PRIMARY KEY (`id`),
  UNIQUE KEY `name` (`name`)
) ENGINE=InnoDB DEFAULT CHARSET=utf8mb4 COLLATE=utf8mb4_general_ci;

/*Data for the table `auth_group` */

/*Table structure for table `auth_group_permissions` */

DROP TABLE IF EXISTS `auth_group_permissions`;

CREATE TABLE `auth_group_permissions` (
  `id` bigint(20) NOT NULL AUTO_INCREMENT,
  `group_id` int(11) NOT NULL,
  `permission_id` int(11) NOT NULL,
  PRIMARY KEY (`id`),
  UNIQUE KEY `auth_group_permissions_group_id_permission_id_0cd325b0_uniq` (`group_id`,`permission_id`),
  KEY `auth_group_permissio_permission_id_84c5c92e_fk_auth_perm` (`permission_id`),
  CONSTRAINT `auth_group_permissio_permission_id_84c5c92e_fk_auth_perm` FOREIGN KEY (`permission_id`) REFERENCES `auth_permission` (`id`),
  CONSTRAINT `auth_group_permissions_group_id_b120cbf9_fk_auth_group_id` FOREIGN KEY (`group_id`) REFERENCES `auth_group` (`id`)
) ENGINE=InnoDB DEFAULT CHARSET=utf8mb4 COLLATE=utf8mb4_general_ci;

/*Data for the table `auth_group_permissions` */

/*Table structure for table `auth_permission` */

DROP TABLE IF EXISTS `auth_permission`;

CREATE TABLE `auth_permission` (
  `id` int(11) NOT NULL AUTO_INCREMENT,
  `name` varchar(255) NOT NULL,
  `content_type_id` int(11) NOT NULL,
  `codename` varchar(100) NOT NULL,
  PRIMARY KEY (`id`),
  UNIQUE KEY `auth_permission_content_type_id_codename_01ab375a_uniq` (`content_type_id`,`codename`),
  CONSTRAINT `auth_permission_content_type_id_2f476e4b_fk_django_co` FOREIGN KEY (`content_type_id`) REFERENCES `django_content_type` (`id`)
) ENGINE=InnoDB AUTO_INCREMENT=81 DEFAULT CHARSET=utf8mb4 COLLATE=utf8mb4_general_ci;

/*Data for the table `auth_permission` */

insert  into `auth_permission`(`id`,`name`,`content_type_id`,`codename`) values 
(1,'Can add log entry',1,'add_logentry'),
(2,'Can change log entry',1,'change_logentry'),
(3,'Can delete log entry',1,'delete_logentry'),
(4,'Can view log entry',1,'view_logentry'),
(5,'Can add permission',2,'add_permission'),
(6,'Can change permission',2,'change_permission'),
(7,'Can delete permission',2,'delete_permission'),
(8,'Can view permission',2,'view_permission'),
(9,'Can add group',3,'add_group'),
(10,'Can change group',3,'change_group'),
(11,'Can delete group',3,'delete_group'),
(12,'Can view group',3,'view_group'),
(13,'Can add user',4,'add_user'),
(14,'Can change user',4,'change_user'),
(15,'Can delete user',4,'delete_user'),
(16,'Can view user',4,'view_user'),
(17,'Can add content type',5,'add_contenttype'),
(18,'Can change content type',5,'change_contenttype'),
(19,'Can delete content type',5,'delete_contenttype'),
(20,'Can view content type',5,'view_contenttype'),
(21,'Can add session',6,'add_session'),
(22,'Can change session',6,'change_session'),
(23,'Can delete session',6,'delete_session'),
(24,'Can view session',6,'view_session'),
(25,'Can add employee',7,'add_employee'),
(26,'Can change employee',7,'change_employee'),
(27,'Can delete employee',7,'delete_employee'),
(28,'Can view employee',7,'view_employee'),
(29,'Can add login',8,'add_login'),
(30,'Can change login',8,'change_login'),
(31,'Can delete login',8,'delete_login'),
(32,'Can view login',8,'view_login'),
(33,'Can add profile',9,'add_profile'),
(34,'Can change profile',9,'change_profile'),
(35,'Can delete profile',9,'delete_profile'),
(36,'Can view profile',9,'view_profile'),
(37,'Can add work',10,'add_work'),
(38,'Can change work',10,'change_work'),
(39,'Can delete work',10,'delete_work'),
(40,'Can view work',10,'view_work'),
(41,'Can add zone',11,'add_zone'),
(42,'Can change zone',11,'change_zone'),
(43,'Can delete zone',11,'delete_zone'),
(44,'Can view zone',11,'view_zone'),
(45,'Can add report',12,'add_report'),
(46,'Can change report',12,'change_report'),
(47,'Can delete report',12,'delete_report'),
(48,'Can view report',12,'view_report'),
(49,'Can add message logs',13,'add_messagelogs'),
(50,'Can change message logs',13,'change_messagelogs'),
(51,'Can delete message logs',13,'delete_messagelogs'),
(52,'Can view message logs',13,'view_messagelogs'),
(53,'Can add location',14,'add_location'),
(54,'Can change location',14,'change_location'),
(55,'Can delete location',14,'delete_location'),
(56,'Can view location',14,'view_location'),
(57,'Can add complaint',15,'add_complaint'),
(58,'Can change complaint',15,'change_complaint'),
(59,'Can delete complaint',15,'delete_complaint'),
(60,'Can view complaint',15,'view_complaint'),
(61,'Can add call logs',16,'add_calllogs'),
(62,'Can change call logs',16,'change_calllogs'),
(63,'Can delete call logs',16,'delete_calllogs'),
(64,'Can view call logs',16,'view_calllogs'),
(65,'Can add allocated work',17,'add_allocatedwork'),
(66,'Can change allocated work',17,'change_allocatedwork'),
(67,'Can delete allocated work',17,'delete_allocatedwork'),
(68,'Can view allocated work',17,'view_allocatedwork'),
(69,'Can add simchange',18,'add_simchange'),
(70,'Can change simchange',18,'change_simchange'),
(71,'Can delete simchange',18,'delete_simchange'),
(72,'Can view simchange',18,'view_simchange'),
(73,'Can add zonechange',19,'add_zonechange'),
(74,'Can change zonechange',19,'change_zonechange'),
(75,'Can delete zonechange',19,'delete_zonechange'),
(76,'Can view zonechange',19,'view_zonechange'),
(77,'Can add profilesettings',20,'add_profilesettings'),
(78,'Can change profilesettings',20,'change_profilesettings'),
(79,'Can delete profilesettings',20,'delete_profilesettings'),
(80,'Can view profilesettings',20,'view_profilesettings');

/*Table structure for table `auth_user` */

DROP TABLE IF EXISTS `auth_user`;

CREATE TABLE `auth_user` (
  `id` int(11) NOT NULL AUTO_INCREMENT,
  `password` varchar(128) NOT NULL,
  `last_login` datetime(6) DEFAULT NULL,
  `is_superuser` tinyint(1) NOT NULL,
  `username` varchar(150) NOT NULL,
  `first_name` varchar(150) NOT NULL,
  `last_name` varchar(150) NOT NULL,
  `email` varchar(254) NOT NULL,
  `is_staff` tinyint(1) NOT NULL,
  `is_active` tinyint(1) NOT NULL,
  `date_joined` datetime(6) NOT NULL,
  PRIMARY KEY (`id`),
  UNIQUE KEY `username` (`username`)
) ENGINE=InnoDB DEFAULT CHARSET=utf8mb4 COLLATE=utf8mb4_general_ci;

/*Data for the table `auth_user` */

/*Table structure for table `auth_user_groups` */

DROP TABLE IF EXISTS `auth_user_groups`;

CREATE TABLE `auth_user_groups` (
  `id` bigint(20) NOT NULL AUTO_INCREMENT,
  `user_id` int(11) NOT NULL,
  `group_id` int(11) NOT NULL,
  PRIMARY KEY (`id`),
  UNIQUE KEY `auth_user_groups_user_id_group_id_94350c0c_uniq` (`user_id`,`group_id`),
  KEY `auth_user_groups_group_id_97559544_fk_auth_group_id` (`group_id`),
  CONSTRAINT `auth_user_groups_group_id_97559544_fk_auth_group_id` FOREIGN KEY (`group_id`) REFERENCES `auth_group` (`id`),
  CONSTRAINT `auth_user_groups_user_id_6a12ed8b_fk_auth_user_id` FOREIGN KEY (`user_id`) REFERENCES `auth_user` (`id`)
) ENGINE=InnoDB DEFAULT CHARSET=utf8mb4 COLLATE=utf8mb4_general_ci;

/*Data for the table `auth_user_groups` */

/*Table structure for table `auth_user_user_permissions` */

DROP TABLE IF EXISTS `auth_user_user_permissions`;

CREATE TABLE `auth_user_user_permissions` (
  `id` bigint(20) NOT NULL AUTO_INCREMENT,
  `user_id` int(11) NOT NULL,
  `permission_id` int(11) NOT NULL,
  PRIMARY KEY (`id`),
  UNIQUE KEY `auth_user_user_permissions_user_id_permission_id_14a6b632_uniq` (`user_id`,`permission_id`),
  KEY `auth_user_user_permi_permission_id_1fbb5f2c_fk_auth_perm` (`permission_id`),
  CONSTRAINT `auth_user_user_permi_permission_id_1fbb5f2c_fk_auth_perm` FOREIGN KEY (`permission_id`) REFERENCES `auth_permission` (`id`),
  CONSTRAINT `auth_user_user_permissions_user_id_a95ead1b_fk_auth_user_id` FOREIGN KEY (`user_id`) REFERENCES `auth_user` (`id`)
) ENGINE=InnoDB DEFAULT CHARSET=utf8mb4 COLLATE=utf8mb4_general_ci;

/*Data for the table `auth_user_user_permissions` */

/*Table structure for table `django_admin_log` */

DROP TABLE IF EXISTS `django_admin_log`;

CREATE TABLE `django_admin_log` (
  `id` int(11) NOT NULL AUTO_INCREMENT,
  `action_time` datetime(6) NOT NULL,
  `object_id` longtext DEFAULT NULL,
  `object_repr` varchar(200) NOT NULL,
  `action_flag` smallint(5) unsigned NOT NULL CHECK (`action_flag` >= 0),
  `change_message` longtext NOT NULL,
  `content_type_id` int(11) DEFAULT NULL,
  `user_id` int(11) NOT NULL,
  PRIMARY KEY (`id`),
  KEY `django_admin_log_content_type_id_c4bce8eb_fk_django_co` (`content_type_id`),
  KEY `django_admin_log_user_id_c564eba6_fk_auth_user_id` (`user_id`),
  CONSTRAINT `django_admin_log_content_type_id_c4bce8eb_fk_django_co` FOREIGN KEY (`content_type_id`) REFERENCES `django_content_type` (`id`),
  CONSTRAINT `django_admin_log_user_id_c564eba6_fk_auth_user_id` FOREIGN KEY (`user_id`) REFERENCES `auth_user` (`id`)
) ENGINE=InnoDB DEFAULT CHARSET=utf8mb4 COLLATE=utf8mb4_general_ci;

/*Data for the table `django_admin_log` */

/*Table structure for table `django_content_type` */

DROP TABLE IF EXISTS `django_content_type`;

CREATE TABLE `django_content_type` (
  `id` int(11) NOT NULL AUTO_INCREMENT,
  `app_label` varchar(100) NOT NULL,
  `model` varchar(100) NOT NULL,
  PRIMARY KEY (`id`),
  UNIQUE KEY `django_content_type_app_label_model_76bd3d3b_uniq` (`app_label`,`model`)
) ENGINE=InnoDB AUTO_INCREMENT=21 DEFAULT CHARSET=utf8mb4 COLLATE=utf8mb4_general_ci;

/*Data for the table `django_content_type` */

insert  into `django_content_type`(`id`,`app_label`,`model`) values 
(1,'admin','logentry'),
(3,'auth','group'),
(2,'auth','permission'),
(4,'auth','user'),
(5,'contenttypes','contenttype'),
(17,'myapp','allocatedwork'),
(16,'myapp','calllogs'),
(15,'myapp','complaint'),
(7,'myapp','employee'),
(14,'myapp','location'),
(8,'myapp','login'),
(13,'myapp','messagelogs'),
(9,'myapp','profile'),
(20,'myapp','profilesettings'),
(12,'myapp','report'),
(18,'myapp','simchange'),
(10,'myapp','work'),
(11,'myapp','zone'),
(19,'myapp','zonechange'),
(6,'sessions','session');

/*Table structure for table `django_migrations` */

DROP TABLE IF EXISTS `django_migrations`;

CREATE TABLE `django_migrations` (
  `id` bigint(20) NOT NULL AUTO_INCREMENT,
  `app` varchar(255) NOT NULL,
  `name` varchar(255) NOT NULL,
  `applied` datetime(6) NOT NULL,
  PRIMARY KEY (`id`)
) ENGINE=InnoDB AUTO_INCREMENT=63 DEFAULT CHARSET=utf8mb4 COLLATE=utf8mb4_general_ci;

/*Data for the table `django_migrations` */

insert  into `django_migrations`(`id`,`app`,`name`,`applied`) values 
(1,'contenttypes','0001_initial','2024-02-04 05:57:24.715292'),
(2,'auth','0001_initial','2024-02-04 05:57:25.170820'),
(3,'admin','0001_initial','2024-02-04 05:57:25.305082'),
(4,'admin','0002_logentry_remove_auto_add','2024-02-04 05:57:25.318083'),
(5,'admin','0003_logentry_add_action_flag_choices','2024-02-04 05:57:25.330422'),
(6,'contenttypes','0002_remove_content_type_name','2024-02-04 05:57:25.396162'),
(7,'auth','0002_alter_permission_name_max_length','2024-02-04 05:57:25.461398'),
(8,'auth','0003_alter_user_email_max_length','2024-02-04 05:57:25.479202'),
(9,'auth','0004_alter_user_username_opts','2024-02-04 05:57:25.493199'),
(10,'auth','0005_alter_user_last_login_null','2024-02-04 05:57:25.534466'),
(11,'auth','0006_require_contenttypes_0002','2024-02-04 05:57:25.539430'),
(12,'auth','0007_alter_validators_add_error_messages','2024-02-04 05:57:25.551450'),
(13,'auth','0008_alter_user_username_max_length','2024-02-04 05:57:25.567363'),
(14,'auth','0009_alter_user_last_name_max_length','2024-02-04 05:57:25.583787'),
(15,'auth','0010_alter_group_name_max_length','2024-02-04 05:57:25.600229'),
(16,'auth','0011_update_proxy_permissions','2024-02-04 05:57:25.613237'),
(17,'auth','0012_alter_user_first_name_max_length','2024-02-04 05:57:25.629079'),
(19,'sessions','0001_initial','2024-02-04 05:57:26.219279'),
(29,'myapp','0001_initial','2024-03-20 16:58:04.627929'),
(30,'myapp','0002_remove_employee_password','2024-03-20 16:58:04.642535'),
(31,'myapp','0003_employee_gender','2024-03-20 16:58:04.674200'),
(32,'myapp','0004_employee_desigination','2024-03-20 16:58:04.689930'),
(33,'myapp','0005_messagelogs_phonenumber','2024-03-20 16:58:04.721091'),
(34,'myapp','0006_alter_calllogs_date','2024-03-20 16:58:04.752340'),
(35,'myapp','0007_alter_calllogs_date','2024-03-20 16:58:04.768136'),
(36,'myapp','0008_alter_messagelogs_sms_info','2024-03-20 16:58:04.799401'),
(37,'myapp','0009_alter_location_date_alter_messagelogs_date','2024-03-20 16:58:04.830659'),
(38,'myapp','0010_location_place_zone_place','2024-03-20 16:58:04.877965'),
(39,'myapp','0011_simchange','2024-03-20 16:58:04.909244'),
(40,'myapp','0012_zonechange','2024-03-20 16:58:04.940538'),
(41,'myapp','0013_profilesettings','2024-03-20 17:04:39.795705'),
(42,'myapp','0014_profilesettings_wallpaper','2024-03-20 17:04:39.808706'),
(43,'myapp','0015_allocatedwork_description','2024-03-20 17:04:39.820703'),
(44,'myapp','0016_allocatedwork_date','2024-03-20 17:04:39.829703'),
(45,'myapp','0017_rename_date_allocatedwork_date','2024-03-20 17:04:39.843704'),
(46,'myapp','0018_remove_allocatedwork_date','2024-03-20 17:04:39.856715'),
(47,'myapp','0019_allocatedwork_date','2024-03-20 17:04:39.869233'),
(48,'myapp','0020_remove_allocatedwork_date','2024-03-20 17:04:39.880246'),
(49,'myapp','0021_alter_allocatedwork_description','2024-03-20 17:04:39.893235'),
(50,'myapp','0022_alter_allocatedwork_description','2024-03-20 17:04:39.906230'),
(51,'myapp','0023_delete_simchange','2024-03-20 17:04:39.918230'),
(52,'myapp','0024_simchange','2024-03-20 17:04:39.931228'),
(53,'myapp','0025_remove_zone_employee','2024-03-20 17:04:39.942228'),
(54,'myapp','0026_zone_employee','2024-03-20 17:04:39.954253'),
(55,'myapp','0027_remove_allocatedwork_employee_and_more','2024-03-20 17:04:39.964749'),
(56,'myapp','0028_employee_profile_work_zonechange_zone_simchange_and_more','2024-03-20 17:04:39.976738'),
(57,'myapp','0029_remove_allocatedwork_description','2024-03-20 17:06:55.390734'),
(58,'myapp','0030_allocatedwork_description','2024-03-20 17:06:55.402735'),
(59,'myapp','0031_remove_allocatedwork_description','2024-03-20 17:07:46.355009'),
(60,'myapp','0032_allocatedwork_description','2024-03-20 17:08:31.358116'),
(61,'myapp','0033_alter_allocatedwork_description','2024-03-20 17:08:52.499217'),
(62,'myapp','0034_complaint_c_incident','2024-03-31 14:30:06.281241');

/*Table structure for table `django_session` */

DROP TABLE IF EXISTS `django_session`;

CREATE TABLE `django_session` (
  `session_key` varchar(40) NOT NULL,
  `session_data` longtext NOT NULL,
  `expire_date` datetime(6) NOT NULL,
  PRIMARY KEY (`session_key`),
  KEY `django_session_expire_date_a5c62663` (`expire_date`)
) ENGINE=InnoDB DEFAULT CHARSET=utf8mb4 COLLATE=utf8mb4_general_ci;

/*Data for the table `django_session` */

insert  into `django_session`(`session_key`,`session_data`,`expire_date`) values 
('0ckkjsfeceyke9gm1yub9wfwybj5ln89','eyJsaWQiOjIyLCJpbWVpIjoiMDNjNmU4MTMyNWM1YjZiOSJ9:1rrZm7:NqW0P3TywfnY8ZkzGHTKW4c22HbPDC0C9v-6ZnKVKVw','2024-04-16 08:45:47.084083'),
('bcvjwoqneqp2cjibp1nga0ge7mo429in','eyJsaWQiOjF9:1rXD13:O5WdtZAwOrGnEfppA4D2e-PpQTT55R6h_2_Ko7Jg4Dw','2024-02-20 04:25:01.419711'),
('ph7s2qqja739n9kcfjz3fuzk1b3wlebv','eyJsaWQiOjF9:1rXFLW:uTod86eP7xXfhtlWqnr7ug-TTr1GgnuWMGl-HM9T07g','2024-02-20 06:54:18.042049'),
('shpngrjwowmrr112qr771uqeio119z30','eyJsaWQiOjF9:1rcgW9:s3G0VFAT5lziknhO3qWeR0BTMtgOGSezcho5fLype_U','2024-03-06 06:55:45.214825');

/*Table structure for table `myapp_allocatedwork` */

DROP TABLE IF EXISTS `myapp_allocatedwork`;

CREATE TABLE `myapp_allocatedwork` (
  `id` bigint(20) NOT NULL AUTO_INCREMENT,
  `work_status` varchar(30) NOT NULL,
  `allocated_date` date NOT NULL,
  `deadline` date NOT NULL,
  `EMPLOYEE_id` bigint(20) NOT NULL,
  `WORK_id` bigint(20) NOT NULL,
  `description` varchar(3000) NOT NULL,
  PRIMARY KEY (`id`),
  KEY `myapp_allocatedwork_EMPLOYEE_id_e292ff77_fk_myapp_employee_id` (`EMPLOYEE_id`),
  KEY `myapp_allocatedwork_WORK_id_b34f17a9_fk_myapp_work_id` (`WORK_id`),
  CONSTRAINT `myapp_allocatedwork_EMPLOYEE_id_e292ff77_fk_myapp_employee_id` FOREIGN KEY (`EMPLOYEE_id`) REFERENCES `myapp_employee` (`id`),
  CONSTRAINT `myapp_allocatedwork_WORK_id_b34f17a9_fk_myapp_work_id` FOREIGN KEY (`WORK_id`) REFERENCES `myapp_work` (`id`)
) ENGINE=InnoDB AUTO_INCREMENT=22 DEFAULT CHARSET=utf8mb4 COLLATE=utf8mb4_general_ci;

/*Data for the table `myapp_allocatedwork` */

insert  into `myapp_allocatedwork`(`id`,`work_status`,`allocated_date`,`deadline`,`EMPLOYEE_id`,`WORK_id`,`description`) values 
(11,'','2024-02-13','2024-02-29',24,4,'1'),
(13,'','2024-02-22','2024-02-29',24,7,'1'),
(15,'','2024-02-24','2024-02-28',26,6,'1'),
(16,'','2024-02-23','2024-02-24',26,9,'1'),
(18,'','2024-03-20','2024-03-31',27,9,'1'),
(19,'In Progress','2024-03-20','2024-04-06',21,6,''),
(20,'In Progress','2024-03-21','2024-04-02',21,9,'Work is in progress\r\n'),
(21,'Completed','2024-03-25','2024-03-25',21,14,'a');

/*Table structure for table `myapp_calllogs` */

DROP TABLE IF EXISTS `myapp_calllogs`;

CREATE TABLE `myapp_calllogs` (
  `id` bigint(20) NOT NULL AUTO_INCREMENT,
  `phone_number` varchar(30) NOT NULL,
  `type` varchar(30) NOT NULL,
  `date` datetime(6) NOT NULL,
  `EMPLOYEE_id` bigint(20) NOT NULL,
  PRIMARY KEY (`id`),
  KEY `myapp_calllogs_EMPLOYEE_id_49bcdb14_fk_myapp_employee_id` (`EMPLOYEE_id`),
  CONSTRAINT `myapp_calllogs_EMPLOYEE_id_49bcdb14_fk_myapp_employee_id` FOREIGN KEY (`EMPLOYEE_id`) REFERENCES `myapp_employee` (`id`)
) ENGINE=InnoDB AUTO_INCREMENT=42 DEFAULT CHARSET=utf8mb4 COLLATE=utf8mb4_general_ci;

/*Data for the table `myapp_calllogs` */

insert  into `myapp_calllogs`(`id`,`phone_number`,`type`,`date`,`EMPLOYEE_id`) values 
(1,'+919539963367','outgoing','2024-02-16 00:00:00.000000',21),
(2,'+919656600778','outgoing','2024-02-16 00:00:00.000000',21),
(4,'+917306668013','incoming','2024-02-16 00:00:00.000000',21),
(6,'+919656600778','incoming','2024-02-16 00:00:00.000000',21),
(8,'+919072641364','incoming','2024-02-16 00:00:00.000000',21),
(10,'+919072641364','incoming','2024-02-16 00:00:00.000000',21),
(12,'+919072641364','incoming','2024-02-16 00:00:00.000000',21),
(13,'+919656600778','outgoing','2024-02-19 00:00:00.000000',21),
(14,'+918086909939','incoming','2024-02-19 00:00:00.000000',21),
(18,'+919656600778','outgoing','2024-02-19 00:00:00.000000',21),
(19,'+919656600778','outgoing','2024-02-19 00:00:00.000000',21),
(20,'+919656600778','outgoing','2024-02-19 00:00:00.000000',21),
(22,'+919656600778','incoming','2024-02-19 00:00:00.000000',21),
(24,'+919656600778','incoming','2024-02-19 00:00:00.000000',21),
(25,'+919656600778','outgoing','2024-02-19 00:00:00.000000',21),
(26,'+919539963367','outgoing','2024-02-19 00:00:00.000000',21),
(27,'+919656600778','incoming','2024-02-19 00:00:00.000000',21),
(28,'+919539963367','incoming','2024-02-19 00:00:00.000000',21),
(29,'+919656600778','outgoing','2024-02-19 17:26:18.000000',21),
(30,'2662','outgoing','2024-02-19 22:55:58.000000',21),
(31,'2662','outgoing','2024-02-19 23:00:47.000000',21),
(32,'+919656600778','outgoing','2024-02-21 09:56:57.000000',21),
(33,'+919539963367','incoming','2024-02-21 10:00:06.000000',21),
(37,'+917034657885','outgoing','2024-02-21 10:40:02.000000',21),
(38,'+917356960213','outgoing','2024-02-21 11:10:17.000000',21),
(39,'+919400794774','incoming','2024-02-21 12:30:14.000000',21),
(40,'+917356960213','outgoing','2024-02-21 15:03:28.000000',21),
(41,'+919656600778','outgoing','2024-03-24 11:00:30.000000',21);

/*Table structure for table `myapp_complaint` */

DROP TABLE IF EXISTS `myapp_complaint`;

CREATE TABLE `myapp_complaint` (
  `id` bigint(20) NOT NULL AUTO_INCREMENT,
  `c_description` varchar(500) NOT NULL,
  `reply` varchar(500) NOT NULL,
  `date` date NOT NULL,
  `EMPLOYEE_id` bigint(20) NOT NULL,
  `c_incident` varchar(500) NOT NULL,
  PRIMARY KEY (`id`),
  KEY `myapp_complaint_EMPLOYEE_id_a7276a28_fk_myapp_employee_id` (`EMPLOYEE_id`),
  CONSTRAINT `myapp_complaint_EMPLOYEE_id_a7276a28_fk_myapp_employee_id` FOREIGN KEY (`EMPLOYEE_id`) REFERENCES `myapp_employee` (`id`)
) ENGINE=InnoDB AUTO_INCREMENT=6 DEFAULT CHARSET=utf8mb4 COLLATE=utf8mb4_general_ci;

/*Data for the table `myapp_complaint` */

insert  into `myapp_complaint`(`id`,`c_description`,`reply`,`date`,`EMPLOYEE_id`,`c_incident`) values 
(4,'Issue for Office chair','ytg','2024-04-02',21,'Need to repair it'),
(5,'etr','','2024-04-02',21,'hjhj');

/*Table structure for table `myapp_employee` */

DROP TABLE IF EXISTS `myapp_employee`;

CREATE TABLE `myapp_employee` (
  `id` bigint(20) NOT NULL AUTO_INCREMENT,
  `f_name` varchar(30) NOT NULL,
  `l_name` varchar(30) NOT NULL,
  `email` varchar(30) NOT NULL,
  `place` varchar(30) NOT NULL,
  `post` varchar(30) NOT NULL,
  `pin` varchar(30) NOT NULL,
  `photo` varchar(500) NOT NULL,
  `phonenumber` varchar(30) NOT NULL,
  `dob` date NOT NULL,
  `phone_imei` varchar(50) NOT NULL,
  `phone_modelname` varchar(80) NOT NULL,
  `LOGIN_id` bigint(20) NOT NULL,
  `gender` varchar(20) NOT NULL,
  `desigination` varchar(50) NOT NULL,
  PRIMARY KEY (`id`),
  KEY `myapp_employee_LOGIN_id_9e952175_fk_myapp_login_id` (`LOGIN_id`),
  CONSTRAINT `myapp_employee_LOGIN_id_9e952175_fk_myapp_login_id` FOREIGN KEY (`LOGIN_id`) REFERENCES `myapp_login` (`id`)
) ENGINE=InnoDB AUTO_INCREMENT=51 DEFAULT CHARSET=utf8mb4 COLLATE=utf8mb4_general_ci;

/*Data for the table `myapp_employee` */

insert  into `myapp_employee`(`id`,`f_name`,`l_name`,`email`,`place`,`post`,`pin`,`photo`,`phonenumber`,`dob`,`phone_imei`,`phone_modelname`,`LOGIN_id`,`gender`,`desigination`) values 
(21,'Maanas','PK','maanaspk@gmail.com','Kozhikode','Kozhikode','679524','/media/20240221-114359.jpg','7844551421','2019-12-18','03c6e81325c5b6b9','Samsung',22,'male','Associate'),
(24,'Nihal','Becker','nihal1234@gmail.com','Kozhikode','Koduvally','679524','/media/20240212-132218.jpg','9878766675','2015-01-07','787878787876765','Samsung',25,'male','Associate'),
(26,'Subair','M V','subair12345@gmail.com','Karanthur','Kunnamangalam','525658','/media/20240213-004313.jpg','9878656789','2010-05-17','afaed8cabe4c1365','Realme Narzo 12',27,'male','Associate'),
(27,'Meera',' D K','meera@gmail.com','NGO','Kozhikode','525658','/media/20240213-005837.jpg','7844551421','2019-12-06','878767564533432','Samsung F56',28,'female','Associate'),
(28,'Karthik','K','karthik@gmail.com','Perinthelmanna','Perinthelmanna','675453','/media/20240215-093012.jpg','7876973523','2001-06-05','878767546757856','Samsung',29,'male','Associate'),
(29,'Nedha','V S','nadha@gmail.com','Karanthur','Kunnamangalam','679521','/media/20240215-104817.jpg','7845751558','2017-04-18','787876757865456','Samsung',30,'female','Associate'),
(30,'Salha','S S','salha@gmail.com','Karanthur','Kunnamangalam','685246','/media/20240215-110737.jpg','8789764534','1999-09-13','676565454345654','Xiaomi',31,'female','Associate'),
(31,'Baghya','Das','baghya@gmaail.com','Thamarassery','Thamarassery','673573','/media/20240215-111154.jpg','9985874568','1996-05-06','785456985246987','Xiaomi',32,'female','Associate'),
(32,'Ravi','C K','ravi@gmail.com','Korangad','Thamarassey','679524','/media/20240215-144402.jpg','8575647251','1998-01-31','437474764343221','Realme',33,'male','Associate'),
(33,'Shaju','Shaju@123','shaju@gmail.com','Karanthur','Kunnamangalam','673587','/media/20240215-144549.jpg','7898949842','1999-02-02','906986986598598','Realme',34,'male','Associate'),
(34,'John','PK','john@gmail.com','Perinthelmanna','Kozhikode','679521','/media/20240215-144734.jpg','7844551421','2009-01-31','212334545663222','samsung',35,'male','Associate'),
(35,'Sreedevi','PS','sreedevi@gmail.com','Perinthelmanna','Perinthelmanna','679524','/media/20240215-144915.jpg','9845674732','2000-01-31','324252354233333','samsung',36,'female','Associate'),
(36,'Rajeesh','K','rajeesh@gmail.com','Kozhikode','Kozhikode','679521','/media/20240215-145052.jpg','8598685432','2000-01-25','456767858567887','Samsung',37,'male','Associate'),
(37,'Sreekumar','C K','sreekumar@gmail.com','Karanthur','Kunnamangalam','679521','/media/20240215-145223.jpg','7844551234','2000-01-04','456787567453562','Samsung',38,'male','Associate'),
(38,'Sreejesh','C H','sreejesh@gmail.com','Koduvally','Koduvally','679521','/media/20240215-145406.jpg','8765768653','1999-01-27','987767565464733','Samsung',39,'male','Associate'),
(39,'Hiba','K S','hiba@gmail.com','Koduvally','Kozhikode','679524','/media/20240215-145550.jpg','9878654325','1997-01-15','757574849393743','Samsung',40,'female','Associate'),
(40,'Mishab','J K','mishab@gmail.com','Kozhikode','Kunnamangalam','679524','/media/20240215-145740.jpg','8976547383','2000-01-31','675645467893728','Samsung',41,'male','Associate'),
(41,'Sreelesh','J V','sreelesh@gmail.com','Karanthur','Kunnamangalam','658545','/media/20240215-145947.jpg','8754256851','2001-01-17','768574783493435','samsung',42,'male','Associate'),
(42,'Adarsh','Ravi','adarsh@gmail.com','Adivaram','Adivaram','679524','/media/20240215-150130.jpg','9985687425','1999-10-12','768464783935647','Samsung',43,'male','Associate'),
(43,'Sumesh','Raj','sumesh@gmail.com','Kozhikode','Kozhikode','679521','/media/20240215-150354.jpg','8986584741','2000-06-13','667858948476757','Xiaomi',44,'male','Associate'),
(44,'Aleef','Muhammed','aleef@gmail.com','Korangad','Thamarassery','673572','/media/20240215-151531.jpg','8578985686','2004-01-28','868587584848332','Samsung',45,'male','Associate'),
(45,'Anu','Ram','anu@gmail.com','Koduvally','Koduvally','525658','/media/20240215-151719.jpg','9865785624','2001-06-12','876756453776784','Realme',46,'female','Associate'),
(46,'Sreeja','V K','sreeja@gmail.com','Koduvally','Kozhikode','679524','/media/20240215-151845.jpg','8754652586','2002-12-29','987675646756845','Xiaomi',47,'female','Head'),
(47,'Sreeram','B V','sreeram@gmail.com','Koduvally','Koduvally','679524','/media/20240215-152113.jpg','9878675643','2006-09-11','897867564578978','Xiaomi',48,'male','Associate'),
(48,'Hadi','Muhammed','hadi@gmail.com','NGO','Kozhikode','679524','/media/20240215-152252.jpg','8978675431','2000-06-06','878969869868959','Xiaomi',49,'male','Associate'),
(49,'Sumi','R K','sumi@gmail.com','Kozhikode','Kozhikode','679521','/media/20240215-152546.jpg','8975452162','1996-02-21','854565259578542','Samsung',50,'male','Associate'),
(50,'Akshay','K G','akshay@gmail.com','Kozhikode','Kunnamangalam','679521','/media/20240320-220524.jpg','9878524658','2019-12-05','785789565824567','Samsung',51,'male','Associate');

/*Table structure for table `myapp_location` */

DROP TABLE IF EXISTS `myapp_location`;

CREATE TABLE `myapp_location` (
  `id` bigint(20) NOT NULL AUTO_INCREMENT,
  `lattitude` varchar(300) NOT NULL,
  `longitude` varchar(300) NOT NULL,
  `date` datetime(6) NOT NULL,
  `EMPLOYEE_id` bigint(20) NOT NULL,
  `place` varchar(300) NOT NULL,
  PRIMARY KEY (`id`),
  KEY `myapp_location_EMPLOYEE_id_c2f55800_fk_myapp_employee_id` (`EMPLOYEE_id`),
  CONSTRAINT `myapp_location_EMPLOYEE_id_c2f55800_fk_myapp_employee_id` FOREIGN KEY (`EMPLOYEE_id`) REFERENCES `myapp_employee` (`id`)
) ENGINE=InnoDB AUTO_INCREMENT=1045 DEFAULT CHARSET=utf8mb4 COLLATE=utf8mb4_general_ci;

/*Data for the table `myapp_location` */

insert  into `myapp_location`(`id`,`lattitude`,`longitude`,`date`,`EMPLOYEE_id`,`place`) values 
(283,'75.7839297','11.2589485','2024-02-19 17:30:49.000000',21,'1'),
(284,'75.7839297','11.2589485','2024-02-19 17:30:49.000000',21,'1'),
(285,'75.7839297','11.2589485','2024-02-19 17:30:49.000000',21,'1'),
(286,'75.7839297','11.2589485','2024-02-19 17:31:04.000000',21,'1'),
(287,'75.7839297','11.2589485','2024-02-19 17:31:04.000000',21,'1'),
(288,'75.7839297','11.2589485','2024-02-19 17:31:07.000000',21,'1'),
(289,'75.7839297','11.2589485','2024-02-19 17:31:19.000000',21,'1'),
(290,'75.7839297','11.2589485','2024-02-19 17:31:19.000000',21,'1'),
(291,'75.7839297','11.2589485','2024-02-19 17:31:22.000000',21,'1'),
(292,'75.7839297','11.2589485','2024-02-19 17:31:34.000000',21,'1'),
(293,'75.7839297','11.2589485','2024-02-19 17:31:34.000000',21,'1'),
(294,'75.7839297','11.2589485','2024-02-19 17:31:37.000000',21,'1'),
(295,'75.7839297','11.2589485','2024-02-19 17:31:49.000000',21,'1'),
(296,'75.7839297','11.2589485','2024-02-19 17:31:49.000000',21,'1'),
(297,'75.7839297','11.2589485','2024-02-19 17:31:52.000000',21,'1'),
(298,'75.7839297','11.2589485','2024-02-19 17:32:04.000000',21,'1'),
(299,'75.7839297','11.2589485','2024-02-19 17:32:04.000000',21,'1'),
(300,'75.7839297','11.2589485','2024-02-19 17:32:07.000000',21,'1'),
(301,'75.7839297','11.2589485','2024-02-19 17:32:19.000000',21,'1'),
(302,'75.7839297','11.2589485','2024-02-19 17:32:19.000000',21,'1'),
(303,'75.9358454','11.3890421','2024-02-19 22:56:38.000000',21,'1'),
(304,'75.9358454','11.3890421','2024-02-19 22:56:46.000000',21,'1'),
(305,'75.9358454','11.3890421','2024-02-19 22:56:47.000000',21,'1'),
(306,'75.9358454','11.3890421','2024-02-19 22:56:54.000000',21,'1'),
(307,'75.9358454','11.3890421','2024-02-19 22:57:02.000000',21,'1'),
(308,'75.9358454','11.3890421','2024-02-19 22:57:02.000000',21,'1'),
(309,'75.9358454','11.3890421','2024-02-19 22:57:09.000000',21,'1'),
(310,'75.9358454','11.3890421','2024-02-19 22:57:17.000000',21,'1'),
(311,'75.9358454','11.3890421','2024-02-19 22:57:17.000000',21,'1'),
(312,'75.9358454','11.3890421','2024-02-19 22:57:24.000000',21,'1'),
(313,'75.9358454','11.3890421','2024-02-19 22:57:32.000000',21,'1'),
(314,'75.9358454','11.3890421','2024-02-19 22:57:32.000000',21,'1'),
(315,'75.9358455','11.3890417','2024-02-19 22:57:39.000000',21,'1'),
(316,'75.9358455','11.3890417','2024-02-19 22:57:47.000000',21,'1'),
(317,'75.9358455','11.3890417','2024-02-19 22:57:47.000000',21,'1'),
(318,'75.9358455','11.3890417','2024-02-19 22:57:54.000000',21,'1'),
(319,'75.9358455','11.3890417','2024-02-19 22:58:02.000000',21,'1'),
(320,'75.9358455','11.3890417','2024-02-19 22:58:02.000000',21,'1'),
(321,'75.9358455','11.3890417','2024-02-19 22:58:09.000000',21,'1'),
(322,'75.9358455','11.3890417','2024-02-19 22:58:17.000000',21,'1'),
(323,'75.9358455','11.3890417','2024-02-19 22:58:17.000000',21,'1'),
(324,'75.9358455','11.3890417','2024-02-19 22:58:24.000000',21,'1'),
(325,'75.9358455','11.3890417','2024-02-19 22:58:32.000000',21,'1'),
(326,'75.9358455','11.3890417','2024-02-19 22:58:32.000000',21,'1'),
(327,'75.9358445','11.389043','2024-02-19 22:58:39.000000',21,'1'),
(328,'75.9358445','11.389043','2024-02-19 22:58:47.000000',21,'1'),
(329,'75.9358445','11.389043','2024-02-19 22:58:47.000000',21,'1'),
(330,'75.9358445','11.389043','2024-02-19 22:58:54.000000',21,'1'),
(331,'75.9358445','11.389043','2024-02-19 22:59:02.000000',21,'1'),
(332,'75.9358445','11.389043','2024-02-19 22:59:02.000000',21,'1'),
(333,'75.9358445','11.389043','2024-02-19 22:59:09.000000',21,'1'),
(334,'75.9358445','11.389043','2024-02-19 22:59:17.000000',21,'1'),
(335,'75.9358445','11.389043','2024-02-19 22:59:17.000000',21,'1'),
(336,'75.9358445','11.389043','2024-02-19 22:59:24.000000',21,'1'),
(337,'75.9358445','11.389043','2024-02-19 22:59:32.000000',21,'1'),
(338,'75.9358445','11.389043','2024-02-19 22:59:32.000000',21,'1'),
(339,'75.935845','11.3890424','2024-02-19 22:59:39.000000',21,'1'),
(340,'75.935845','11.3890424','2024-02-19 22:59:47.000000',21,'1'),
(341,'75.935845','11.3890424','2024-02-19 22:59:47.000000',21,'1'),
(342,'75.935845','11.3890424','2024-02-19 22:59:54.000000',21,'1'),
(343,'75.935845','11.3890424','2024-02-19 23:00:02.000000',21,'1'),
(344,'75.935845','11.3890424','2024-02-19 23:00:02.000000',21,'1'),
(345,'75.935845','11.3890424','2024-02-19 23:00:09.000000',21,'1'),
(346,'75.935845','11.3890424','2024-02-19 23:00:17.000000',21,'1'),
(347,'75.935845','11.3890424','2024-02-19 23:00:17.000000',21,'1'),
(348,'75.935845','11.3890424','2024-02-19 23:00:24.000000',21,'1'),
(349,'75.935845','11.3890424','2024-02-19 23:00:32.000000',21,'1'),
(350,'75.935845','11.3890424','2024-02-19 23:00:32.000000',21,'1'),
(351,'75.9358444','11.3890428','2024-02-19 23:00:40.000000',21,'1'),
(352,'75.9358444','11.3890428','2024-02-19 23:00:44.000000',21,'1'),
(353,'75.9358441','11.3890393','2024-02-20 00:22:49.000000',21,'1'),
(354,'75.9358441','11.3890393','2024-02-20 00:22:49.000000',21,'1'),
(355,'75.9358441','11.3890393','2024-02-20 00:22:49.000000',21,'1'),
(356,'75.9358441','11.3890393','2024-02-20 00:23:04.000000',21,'1'),
(357,'75.9358441','11.3890393','2024-02-20 00:23:04.000000',21,'1'),
(358,'75.9358441','11.3890393','2024-02-20 00:23:19.000000',21,'1'),
(359,'75.9358441','11.3890393','2024-02-20 00:23:19.000000',21,'1'),
(360,'75.9358441','11.3890393','2024-02-20 00:23:34.000000',21,'1'),
(361,'75.9358441','11.3890393','2024-02-20 00:23:34.000000',21,'1'),
(362,'75.9358441','11.3890393','2024-02-20 00:23:49.000000',21,'1'),
(363,'75.9358441','11.3890393','2024-02-20 00:23:49.000000',21,'1'),
(364,'75.9358441','11.3890393','2024-02-20 00:24:04.000000',21,'1'),
(365,'75.9358441','11.3890393','2024-02-20 00:24:04.000000',21,'1'),
(366,'75.9358441','11.3890393','2024-02-20 00:24:20.000000',21,'1'),
(367,'75.9358441','11.3890393','2024-02-20 00:24:20.000000',21,'1'),
(368,'75.9358441','11.3890393','2024-02-20 00:24:35.000000',21,'1'),
(369,'75.9358441','11.3890393','2024-02-20 00:24:35.000000',21,'1'),
(370,'75.9358441','11.3890393','2024-02-20 00:24:50.000000',21,'1'),
(371,'75.9358441','11.3890393','2024-02-20 00:24:50.000000',21,'1'),
(372,'75.9358441','11.3890393','2024-02-20 00:25:05.000000',21,'1'),
(373,'75.9358441','11.3890393','2024-02-20 00:25:05.000000',21,'1'),
(374,'75.9358441','11.3890393','2024-02-20 00:25:20.000000',21,'1'),
(375,'75.9358441','11.3890393','2024-02-20 00:25:20.000000',21,'1'),
(376,'75.9358441','11.3890393','2024-02-20 00:25:35.000000',21,'1'),
(377,'75.9358441','11.3890393','2024-02-20 00:25:35.000000',21,'1'),
(378,'75.9358441','11.3890393','2024-02-20 00:25:50.000000',21,'1'),
(379,'75.9358441','11.3890393','2024-02-20 00:25:50.000000',21,'1'),
(380,'75.7839616','11.2589475','2024-02-21 09:56:53.000000',21,'1'),
(381,'75.7839616','11.2589475','2024-02-21 09:56:53.000000',21,'1'),
(382,'75.7839616','11.2589475','2024-02-21 09:57:08.000000',21,'1'),
(383,'75.7839616','11.2589475','2024-02-21 09:57:08.000000',21,'1'),
(384,'75.7839616','11.2589475','2024-02-21 09:57:34.000000',21,'1'),
(385,'75.7839616','11.2589475','2024-02-21 09:57:34.000000',21,'1'),
(386,'75.7839616','11.2589475','2024-02-21 09:57:48.000000',21,'1'),
(387,'75.7839616','11.2589475','2024-02-21 09:57:49.000000',21,'1'),
(388,'75.7839616','11.2589475','2024-02-21 09:58:04.000000',21,'1'),
(389,'75.7839616','11.2589475','2024-02-21 09:58:04.000000',21,'1'),
(422,'75.783864','11.2589144','2024-02-21 10:39:58.000000',21,'1'),
(423,'75.783864','11.2589144','2024-02-21 10:39:58.000000',21,'1'),
(424,'75.783864','11.2589144','2024-02-21 10:39:58.000000',21,'1'),
(425,'75.783864','11.2589144','2024-02-21 10:40:13.000000',21,'1'),
(426,'75.783864','11.2589144','2024-02-21 10:40:13.000000',21,'1'),
(427,'75.783864','11.2589144','2024-02-21 10:40:28.000000',21,'1'),
(428,'75.783864','11.2589144','2024-02-21 10:40:28.000000',21,'1'),
(429,'75.783864','11.2589144','2024-02-21 10:40:43.000000',21,'1'),
(430,'75.783864','11.2589144','2024-02-21 10:40:43.000000',21,'1'),
(431,'75.783864','11.2589144','2024-02-21 10:40:58.000000',21,'1'),
(432,'75.783864','11.2589144','2024-02-21 10:40:58.000000',21,'1'),
(433,'75.7839483','11.2589446','2024-02-21 11:09:55.000000',21,'1'),
(434,'75.7839483','11.2589446','2024-02-21 11:09:55.000000',21,'1'),
(435,'75.7839483','11.2589446','2024-02-21 11:09:55.000000',21,'1'),
(436,'75.7839412','11.2589453','2024-02-21 11:10:10.000000',21,'1'),
(437,'75.7839412','11.2589453','2024-02-21 11:10:10.000000',21,'1'),
(438,'75.7839412','11.2589453','2024-02-21 11:10:25.000000',21,'1'),
(439,'75.7839412','11.2589453','2024-02-21 11:10:25.000000',21,'1'),
(440,'75.7839359','11.2589446','2024-02-21 11:10:40.000000',21,'1'),
(441,'75.7839359','11.2589446','2024-02-21 11:10:40.000000',21,'1'),
(442,'75.7839359','11.2589446','2024-02-21 11:10:55.000000',21,'1'),
(443,'75.7839359','11.2589446','2024-02-21 11:10:55.000000',21,'1'),
(444,'75.7839485','11.2589484','2024-02-21 14:59:35.000000',21,'1'),
(445,'75.7839485','11.2589484','2024-02-21 14:59:35.000000',21,'1'),
(446,'75.7839485','11.2589484','2024-02-21 14:59:35.000000',21,'1'),
(447,'75.7839397','11.2589467','2024-02-21 14:59:50.000000',21,'1'),
(448,'75.7839397','11.2589467','2024-02-21 14:59:50.000000',21,'1'),
(449,'75.7839397','11.2589467','2024-02-21 15:00:05.000000',21,'1'),
(450,'75.7839397','11.2589467','2024-02-21 15:00:05.000000',21,'1'),
(451,'75.7839397','11.2589467','2024-02-21 15:00:20.000000',21,'1'),
(452,'75.7839397','11.2589467','2024-02-21 15:00:20.000000',21,'1'),
(453,'75.7839397','11.2589467','2024-02-21 15:00:35.000000',21,'1'),
(454,'75.7839397','11.2589467','2024-02-21 15:00:35.000000',21,'1'),
(455,'75.7839397','11.2589467','2024-02-21 15:00:50.000000',21,'1'),
(456,'75.7839397','11.2589467','2024-02-21 15:00:50.000000',21,'1'),
(457,'75.7839397','11.2589467','2024-02-21 15:02:04.000000',21,'1'),
(458,'75.7839397','11.2589467','2024-02-21 15:02:04.000000',21,'1'),
(459,'75.7839397','11.2589467','2024-02-21 15:02:04.000000',21,'1'),
(460,'75.7839397','11.2589467','2024-02-21 15:02:19.000000',21,'1'),
(461,'75.7839397','11.2589467','2024-02-21 15:02:19.000000',21,'1'),
(462,'75.7839397','11.2589467','2024-02-21 15:02:34.000000',21,'1'),
(463,'75.7839397','11.2589467','2024-02-21 15:02:34.000000',21,'1'),
(464,'75.7839397','11.2589467','2024-02-21 15:02:49.000000',21,'1'),
(465,'75.7839397','11.2589467','2024-02-21 15:02:49.000000',21,'1'),
(466,'75.7839397','11.2589467','2024-02-21 15:03:04.000000',21,'1'),
(467,'75.7839397','11.2589467','2024-02-21 15:03:04.000000',21,'1'),
(468,'75.9363443','11.3847515','2024-03-20 22:57:05.000000',21,'9WPP+453'),
(469,'75.9358372','11.3890518','2024-03-20 22:57:05.000000',21,'9WPP+RJV'),
(470,'75.9358372','11.3890518','2024-03-20 22:57:05.000000',21,'9WPP+RJV'),
(471,'75.9358372','11.3890518','2024-03-20 22:57:20.000000',21,'9WPP+RJV'),
(472,'75.9358372','11.3890518','2024-03-20 22:57:20.000000',21,'9WPP+RJV'),
(473,'75.9358372','11.3890518','2024-03-20 22:57:35.000000',21,'9WPP+RJV'),
(474,'75.9358372','11.3890518','2024-03-20 22:57:35.000000',21,'9WPP+RJV'),
(475,'75.9358372','11.3890518','2024-03-20 22:57:51.000000',21,'9WPP+RJV'),
(476,'75.9358372','11.3890518','2024-03-20 22:57:51.000000',21,'9WPP+RJV'),
(477,'75.9358372','11.3890518','2024-03-20 22:58:06.000000',21,'9WPP+RJV'),
(478,'75.9358372','11.3890518','2024-03-20 22:58:07.000000',21,'9WPP+RJV'),
(479,'75.9358369','11.3890507','2024-03-20 22:58:21.000000',21,'9WPP+RJV'),
(480,'75.9358369','11.3890507','2024-03-20 22:58:21.000000',21,'9WPP+RJV'),
(481,'75.9358369','11.3890507','2024-03-20 22:58:36.000000',21,'9WPP+RJV'),
(482,'75.9358369','11.3890507','2024-03-20 22:58:36.000000',21,'9WPP+RJV'),
(483,'75.9358369','11.3890507','2024-03-20 22:58:51.000000',21,'9WPP+RJV'),
(484,'75.9358369','11.3890507','2024-03-20 22:58:51.000000',21,'9WPP+RJV'),
(485,'75.9358369','11.3890507','2024-03-20 22:59:00.000000',21,'9WPP+RJV'),
(486,'75.9358369','11.3890507','2024-03-20 22:59:00.000000',21,'9WPP+RJV'),
(487,'75.9358369','11.3890507','2024-03-20 22:59:00.000000',21,'9WPP+RJV'),
(488,'75.9358369','11.3890507','2024-03-20 22:59:00.000000',21,'9WPP+RJV'),
(489,'75.9358369','11.3890507','2024-03-20 22:59:01.000000',21,'9WPP+RJV'),
(490,'75.9358369','11.3890507','2024-03-20 22:59:16.000000',21,'9WPP+RJV'),
(491,'75.9358369','11.3890507','2024-03-20 22:59:16.000000',21,'9WPP+RJV'),
(492,'75.9358369','11.3890507','2024-03-20 22:59:17.000000',21,'9WPP+RJV'),
(493,'75.9358369','11.3890507','2024-03-20 22:59:17.000000',21,'9WPP+RJV'),
(494,'75.9358369','11.3890507','2024-03-20 22:59:30.000000',21,'9WPP+RJV'),
(495,'75.9358369','11.3890507','2024-03-20 22:59:30.000000',21,'9WPP+RJV'),
(496,'75.9358369','11.3890507','2024-03-20 22:59:31.000000',21,'9WPP+RJV'),
(497,'75.9358369','11.3890507','2024-03-20 22:59:31.000000',21,'9WPP+RJV'),
(498,'75.9358369','11.3890507','2024-03-20 22:59:46.000000',21,'9WPP+RJV'),
(499,'75.9358369','11.3890507','2024-03-20 22:59:46.000000',21,'9WPP+RJV'),
(500,'75.9358369','11.3890507','2024-03-20 22:59:46.000000',21,'9WPP+RJV'),
(501,'75.9358369','11.3890507','2024-03-20 22:59:46.000000',21,'9WPP+RJV'),
(502,'75.9358369','11.3890507','2024-03-20 23:00:03.000000',21,'9WPP+RJV'),
(503,'75.9358365','11.3890502','2024-03-20 23:00:06.000000',21,'9WPP+RJV'),
(504,'75.9358365','11.3890502','2024-03-20 23:00:07.000000',21,'9WPP+RJV'),
(505,'75.9358365','11.3890502','2024-03-20 23:00:07.000000',21,'9WPP+RJV'),
(506,'75.9358365','11.3890502','2024-03-20 23:00:22.000000',21,'9WPP+RJV'),
(507,'75.9358365','11.3890502','2024-03-20 23:00:22.000000',21,'9WPP+RJV'),
(508,'75.9358365','11.3890502','2024-03-20 23:00:37.000000',21,'9WPP+RJV'),
(509,'75.9358365','11.3890502','2024-03-20 23:00:37.000000',21,'9WPP+RJV'),
(510,'75.9358365','11.3890502','2024-03-20 23:00:52.000000',21,'9WPP+RJV'),
(511,'75.9358365','11.3890502','2024-03-20 23:00:52.000000',21,'9WPP+RJV'),
(512,'75.9358365','11.3890502','2024-03-20 23:01:07.000000',21,'9WPP+RJV'),
(513,'75.9358365','11.3890502','2024-03-20 23:01:07.000000',21,'9WPP+RJV'),
(514,'75.9549902','11.3120484','2024-03-21 14:57:59.000000',21,'8X64+Q3R'),
(515,'75.9549902','11.3120484','2024-03-21 14:57:59.000000',21,'8X64+Q3R'),
(516,'75.9549902','11.3120484','2024-03-21 14:58:02.000000',21,'8X64+Q3R'),
(517,'75.9549902','11.3120484','2024-03-21 14:58:02.000000',21,'8X64+Q3R'),
(518,'75.9546199','11.3119919','2024-03-21 14:58:02.000000',21,'8X63+WV9'),
(519,'75.9546199','11.3119919','2024-03-21 14:58:02.000000',21,'8X63+WV9'),
(520,'75.9546199','11.3119919','2024-03-21 14:58:03.000000',21,'8X63+WV9'),
(521,'75.9546199','11.3119919','2024-03-21 14:58:03.000000',21,'8X63+WV9'),
(522,'75.9546199','11.3119919','2024-03-21 14:58:03.000000',21,'8X63+WV9'),
(523,'75.9546199','11.3119919','2024-03-21 14:58:03.000000',21,'8X63+WV9'),
(524,'75.9546199','11.3119919','2024-03-21 14:58:03.000000',21,'8X63+WV9'),
(525,'75.9546199','11.3119919','2024-03-21 14:58:05.000000',21,'8X63+WV9'),
(526,'75.9546199','11.3119919','2024-03-21 14:58:05.000000',21,'8X63+WV9'),
(527,'75.9546199','11.3119919','2024-03-21 14:58:14.000000',21,'8X63+WV9'),
(528,'75.9546199','11.3119919','2024-03-21 14:58:14.000000',21,'8X63+WV9'),
(529,'75.9546199','11.3119919','2024-03-21 14:58:17.000000',21,'8X63+WV9'),
(530,'75.9546199','11.3119919','2024-03-21 14:58:17.000000',21,'8X63+WV9'),
(531,'75.9546199','11.3119919','2024-03-21 14:58:17.000000',21,'8X63+WV9'),
(532,'75.9546199','11.3119919','2024-03-21 14:58:17.000000',21,'8X63+WV9'),
(533,'75.9546199','11.3119919','2024-03-21 14:58:17.000000',21,'8X63+WV9'),
(534,'75.9546199','11.3119919','2024-03-21 14:58:18.000000',21,'8X63+WV9'),
(535,'75.9546199','11.3119919','2024-03-21 14:58:18.000000',21,'8X63+WV9'),
(536,'75.9546199','11.3119919','2024-03-21 14:58:18.000000',21,'8X63+WV9'),
(537,'75.9546199','11.3119919','2024-03-21 14:58:18.000000',21,'8X63+WV9'),
(538,'75.9546199','11.3119919','2024-03-21 14:58:21.000000',21,'8X63+WV9'),
(539,'75.9546199','11.3119919','2024-03-21 14:58:21.000000',21,'8X63+WV9'),
(540,'75.9546199','11.3119919','2024-03-21 14:58:29.000000',21,'8X63+WV9'),
(541,'75.9546199','11.3119919','2024-03-21 14:58:29.000000',21,'8X63+WV9'),
(542,'75.9546199','11.3119919','2024-03-21 14:58:32.000000',21,'8X63+WV9'),
(543,'75.9546199','11.3119919','2024-03-21 14:58:32.000000',21,'8X63+WV9'),
(544,'75.9546199','11.3119919','2024-03-21 14:58:32.000000',21,'8X63+WV9'),
(545,'75.9546199','11.3119919','2024-03-21 14:58:32.000000',21,'8X63+WV9'),
(546,'75.9546199','11.3119919','2024-03-21 14:58:32.000000',21,'8X63+WV9'),
(547,'75.9546199','11.3119919','2024-03-21 14:58:32.000000',21,'8X63+WV9'),
(548,'75.9546199','11.3119919','2024-03-21 14:58:33.000000',21,'8X63+WV9'),
(549,'75.9546199','11.3119919','2024-03-21 14:58:33.000000',21,'8X63+WV9'),
(550,'75.9546199','11.3119919','2024-03-21 14:58:33.000000',21,'8X63+WV9'),
(551,'75.9546199','11.3119919','2024-03-21 14:58:33.000000',21,'8X63+WV9'),
(552,'75.9546199','11.3119919','2024-03-21 14:58:33.000000',21,'8X63+WV9'),
(553,'75.9546199','11.3119919','2024-03-21 14:58:36.000000',21,'8X63+WV9'),
(554,'75.9546199','11.3119919','2024-03-21 14:58:36.000000',21,'8X63+WV9'),
(555,'75.9546199','11.3119919','2024-03-21 14:58:44.000000',21,'8X63+WV9'),
(556,'75.9546199','11.3119919','2024-03-21 14:58:44.000000',21,'8X63+WV9'),
(557,'75.9546199','11.3119919','2024-03-21 14:58:47.000000',21,'8X63+WV9'),
(558,'75.9546199','11.3119919','2024-03-21 14:58:47.000000',21,'8X63+WV9'),
(559,'75.9546199','11.3119919','2024-03-21 14:58:48.000000',21,'8X63+WV9'),
(560,'75.9546199','11.3119919','2024-03-21 14:58:48.000000',21,'8X63+WV9'),
(561,'75.9546199','11.3119919','2024-03-21 14:58:48.000000',21,'8X63+WV9'),
(562,'75.9546199','11.3119919','2024-03-21 14:58:48.000000',21,'8X63+WV9'),
(563,'75.9546199','11.3119919','2024-03-21 14:58:48.000000',21,'8X63+WV9'),
(564,'75.9546199','11.3119919','2024-03-21 14:58:48.000000',21,'8X63+WV9'),
(565,'75.9546199','11.3119919','2024-03-21 14:58:48.000000',21,'8X63+WV9'),
(566,'75.9546199','11.3119919','2024-03-21 14:58:48.000000',21,'8X63+WV9'),
(567,'75.9546199','11.3119919','2024-03-21 14:58:48.000000',21,'8X63+WV9'),
(568,'75.9546199','11.3119919','2024-03-21 14:58:51.000000',21,'8X63+WV9'),
(569,'75.9546199','11.3119919','2024-03-21 14:58:51.000000',21,'8X63+WV9'),
(570,'75.9546199','11.3119919','2024-03-21 14:58:59.000000',21,'8X63+WV9'),
(571,'75.9546199','11.3119919','2024-03-21 14:58:59.000000',21,'8X63+WV9'),
(572,'75.9546199','11.3119919','2024-03-21 14:59:02.000000',21,'8X63+WV9'),
(573,'75.9546199','11.3119919','2024-03-21 14:59:02.000000',21,'8X63+WV9'),
(574,'75.9546199','11.3119919','2024-03-21 14:59:02.000000',21,'8X63+WV9'),
(575,'75.9546199','11.3119919','2024-03-21 14:59:02.000000',21,'8X63+WV9'),
(576,'75.9546199','11.3119919','2024-03-21 14:59:03.000000',21,'8X63+WV9'),
(577,'75.9546199','11.3119919','2024-03-21 14:59:03.000000',21,'8X63+WV9'),
(578,'75.9546199','11.3119919','2024-03-21 14:59:03.000000',21,'8X63+WV9'),
(579,'75.9549276','11.3121038','2024-03-21 14:59:03.000000',21,'8X63+WV9'),
(580,'75.9549276','11.3121038','2024-03-21 14:59:03.000000',21,'8X63+WV9'),
(581,'75.9549276','11.3121038','2024-03-21 14:59:03.000000',21,'8X63+WV9'),
(582,'75.9549276','11.3121038','2024-03-21 14:59:03.000000',21,'8X63+WV9'),
(583,'75.9549276','11.3121038','2024-03-21 14:59:06.000000',21,'8X63+WV9'),
(584,'75.9549276','11.3121038','2024-03-21 14:59:06.000000',21,'8X63+WV9'),
(585,'75.9549276','11.3121038','2024-03-21 14:59:14.000000',21,'8X63+WV9'),
(586,'75.9549276','11.3121038','2024-03-21 14:59:14.000000',21,'8X63+WV9'),
(587,'75.9549276','11.3121038','2024-03-21 15:00:29.000000',21,'8X63+WV9'),
(588,'75.9549276','11.3121038','2024-03-21 15:00:29.000000',21,'8X63+WV9'),
(589,'75.9549276','11.3121038','2024-03-21 15:00:29.000000',21,'8X63+WV9'),
(590,'75.9549276','11.3121038','2024-03-21 15:00:29.000000',21,'8X63+WV9'),
(591,'75.9549276','11.3121038','2024-03-21 15:00:30.000000',21,'8X63+WV9'),
(592,'75.9549276','11.3121038','2024-03-21 15:00:32.000000',21,'8X63+WV9'),
(593,'75.9549276','11.3121038','2024-03-21 15:00:33.000000',21,'8X63+WV9'),
(594,'75.9549276','11.3121038','2024-03-21 15:00:33.000000',21,'8X63+WV9'),
(595,'75.9549276','11.3121038','2024-03-21 15:00:33.000000',21,'8X63+WV9'),
(596,'75.9549276','11.3121038','2024-03-21 15:00:33.000000',21,'8X63+WV9'),
(597,'75.9549276','11.3121038','2024-03-21 15:00:33.000000',21,'8X63+WV9'),
(598,'75.9549276','11.3121038','2024-03-21 15:00:33.000000',21,'8X63+WV9'),
(599,'75.9549276','11.3121038','2024-03-21 15:00:33.000000',21,'8X63+WV9'),
(600,'75.9549276','11.3121038','2024-03-21 15:00:33.000000',21,'8X63+WV9'),
(601,'75.9549276','11.3121038','2024-03-21 15:00:34.000000',21,'8X63+WV9'),
(602,'75.9549276','11.3121038','2024-03-21 15:00:34.000000',21,'8X63+WV9'),
(603,'75.9549276','11.3121038','2024-03-21 15:00:34.000000',21,'8X63+WV9'),
(604,'75.965374','11.3110796','2024-03-21 15:00:36.000000',21,'8X67+9RR'),
(605,'75.965374','11.3110796','2024-03-21 15:00:36.000000',21,'8X67+9RR'),
(606,'75.965374','11.3110796','2024-03-21 15:00:43.000000',21,'8X67+9RR'),
(607,'75.965374','11.3110796','2024-03-21 15:00:44.000000',21,'8X67+9RR'),
(608,'75.965374','11.3110796','2024-03-21 15:00:44.000000',21,'8X67+9RR'),
(609,'75.965374','11.3110796','2024-03-21 15:00:45.000000',21,'8X67+9RR'),
(610,'75.965374','11.3110796','2024-03-21 15:00:45.000000',21,'8X67+9RR'),
(611,'75.965374','11.3110796','2024-03-21 15:00:47.000000',21,'8X67+9RR'),
(612,'75.965374','11.3110796','2024-03-21 15:00:47.000000',21,'8X67+9RR'),
(613,'75.965374','11.3110796','2024-03-21 15:00:47.000000',21,'8X67+9RR'),
(614,'75.965374','11.3110796','2024-03-21 15:00:47.000000',21,'8X67+9RR'),
(615,'75.965374','11.3110796','2024-03-21 15:00:48.000000',21,'8X67+9RR'),
(616,'75.965374','11.3110796','2024-03-21 15:00:48.000000',21,'8X67+9RR'),
(617,'75.965374','11.3110796','2024-03-21 15:00:48.000000',21,'8X67+9RR'),
(618,'75.965374','11.3110796','2024-03-21 15:00:48.000000',21,'8X67+9RR'),
(619,'75.965374','11.3110796','2024-03-21 15:00:48.000000',21,'8X67+9RR'),
(620,'75.965374','11.3110796','2024-03-21 15:00:49.000000',21,'8X67+9RR'),
(621,'75.965374','11.3110796','2024-03-21 15:00:49.000000',21,'8X67+9RR'),
(622,'75.965374','11.3110796','2024-03-21 15:00:49.000000',21,'8X67+9RR'),
(623,'75.965374','11.3110796','2024-03-21 15:00:51.000000',21,'8X67+9RR'),
(624,'75.965374','11.3110796','2024-03-21 15:00:51.000000',21,'8X67+9RR'),
(625,'75.965374','11.3110796','2024-03-21 15:00:58.000000',21,'8X67+9RR'),
(626,'75.965374','11.3110796','2024-03-21 15:00:59.000000',21,'8X67+9RR'),
(627,'75.965374','11.3110796','2024-03-21 15:00:59.000000',21,'8X67+9RR'),
(628,'75.965374','11.3110796','2024-03-21 15:01:00.000000',21,'8X67+9RR'),
(629,'75.965374','11.3110796','2024-03-21 15:01:00.000000',21,'8X67+9RR'),
(630,'75.965374','11.3110796','2024-03-21 15:01:02.000000',21,'8X67+9RR'),
(631,'75.965374','11.3110796','2024-03-21 15:01:02.000000',21,'8X67+9RR'),
(632,'75.965374','11.3110796','2024-03-21 15:01:03.000000',21,'8X67+9RR'),
(633,'75.965374','11.3110796','2024-03-21 15:01:03.000000',21,'8X67+9RR'),
(634,'75.965374','11.3110796','2024-03-21 15:01:03.000000',21,'8X67+9RR'),
(635,'75.965374','11.3110796','2024-03-21 15:01:03.000000',21,'8X67+9RR'),
(636,'75.965374','11.3110796','2024-03-21 15:01:03.000000',21,'8X67+9RR'),
(637,'75.965374','11.3110796','2024-03-21 15:01:03.000000',21,'8X67+9RR'),
(638,'75.965374','11.3110796','2024-03-21 15:01:03.000000',21,'8X67+9RR'),
(639,'75.965374','11.3110796','2024-03-21 15:01:04.000000',21,'8X67+9RR'),
(640,'75.965374','11.3110796','2024-03-21 15:01:04.000000',21,'8X67+9RR'),
(641,'75.965374','11.3110796','2024-03-21 15:01:04.000000',21,'8X67+9RR'),
(642,'75.965374','11.3110796','2024-03-21 15:01:07.000000',21,'8X67+9RR'),
(643,'75.965374','11.3110796','2024-03-21 15:01:07.000000',21,'8X67+9RR'),
(644,'75.965374','11.3110796','2024-03-21 15:01:14.000000',21,'8X67+9RR'),
(645,'75.965374','11.3110796','2024-03-21 15:01:14.000000',21,'8X67+9RR'),
(646,'75.965374','11.3110796','2024-03-21 15:01:14.000000',21,'8X67+9RR'),
(647,'75.965374','11.3110796','2024-03-21 15:01:15.000000',21,'8X67+9RR'),
(648,'75.965374','11.3110796','2024-03-21 15:01:15.000000',21,'8X67+9RR'),
(649,'75.965374','11.3110796','2024-03-21 15:01:17.000000',21,'8X67+9RR'),
(650,'75.965374','11.3110796','2024-03-21 15:01:17.000000',21,'8X67+9RR'),
(651,'75.965374','11.3110796','2024-03-21 15:01:18.000000',21,'8X67+9RR'),
(652,'75.965374','11.3110796','2024-03-21 15:01:18.000000',21,'8X67+9RR'),
(653,'75.965374','11.3110796','2024-03-21 15:01:18.000000',21,'8X67+9RR'),
(654,'75.965374','11.3110796','2024-03-21 15:01:18.000000',21,'8X67+9RR'),
(655,'75.965374','11.3110796','2024-03-21 15:01:18.000000',21,'8X67+9RR'),
(656,'75.965374','11.3110796','2024-03-21 15:01:18.000000',21,'8X67+9RR'),
(657,'75.965374','11.3110796','2024-03-21 15:01:18.000000',21,'8X67+9RR'),
(658,'75.965374','11.3110796','2024-03-21 15:01:19.000000',21,'8X67+9RR'),
(659,'75.965374','11.3110796','2024-03-21 15:01:19.000000',21,'8X67+9RR'),
(660,'75.965374','11.3110796','2024-03-21 15:01:19.000000',21,'8X67+9RR'),
(661,'75.965374','11.3110796','2024-03-21 15:01:21.000000',21,'8X67+9RR'),
(662,'75.965374','11.3110796','2024-03-21 15:01:21.000000',21,'8X67+9RR'),
(663,'75.965374','11.3110796','2024-03-21 15:01:29.000000',21,'8X67+9RR'),
(664,'75.965374','11.3110796','2024-03-21 15:01:29.000000',21,'8X67+9RR'),
(665,'75.965374','11.3110796','2024-03-21 15:01:29.000000',21,'8X67+9RR'),
(666,'75.965374','11.3110796','2024-03-21 15:01:30.000000',21,'8X67+9RR'),
(667,'75.965374','11.3110796','2024-03-21 15:01:30.000000',21,'8X67+9RR'),
(668,'75.965374','11.3110796','2024-03-21 15:01:32.000000',21,'8X67+9RR'),
(669,'75.965374','11.3110796','2024-03-21 15:01:32.000000',21,'8X67+9RR'),
(670,'75.965374','11.3110796','2024-03-21 15:01:33.000000',21,'8X67+9RR'),
(671,'75.965374','11.3110796','2024-03-21 15:01:33.000000',21,'8X67+9RR'),
(672,'75.965374','11.3110796','2024-03-21 15:01:33.000000',21,'8X67+9RR'),
(673,'75.965374','11.3110796','2024-03-21 15:01:33.000000',21,'8X67+9RR'),
(674,'75.965374','11.3110796','2024-03-21 15:01:33.000000',21,'8X67+9RR'),
(675,'75.965374','11.3110796','2024-03-21 15:01:33.000000',21,'8X67+9RR'),
(676,'75.965374','11.3110796','2024-03-21 15:01:33.000000',21,'8X67+9RR'),
(677,'75.965374','11.3110796','2024-03-21 15:01:34.000000',21,'8X67+9RR'),
(678,'75.965374','11.3110796','2024-03-21 15:01:34.000000',21,'8X67+9RR'),
(679,'75.965374','11.3110796','2024-03-21 15:01:34.000000',21,'8X67+9RR'),
(680,'75.965374','11.3110796','2024-03-21 15:03:57.000000',21,'8X67+9RR'),
(681,'75.965374','11.3110796','2024-03-21 15:03:57.000000',21,'8X67+9RR'),
(682,'75.965374','11.3110796','2024-03-21 15:03:57.000000',21,'8X67+9RR'),
(683,'75.965374','11.3110796','2024-03-21 15:03:57.000000',21,'8X67+9RR'),
(684,'75.965374','11.3110796','2024-03-21 15:04:13.000000',21,'8X67+9RR'),
(685,'75.965374','11.3110796','2024-03-21 15:04:13.000000',21,'8X67+9RR'),
(686,'75.965374','11.3110796','2024-03-21 15:04:13.000000',21,'8X67+9RR'),
(687,'75.965374','11.3110796','2024-03-21 15:04:27.000000',21,'8X67+9RR'),
(688,'75.965374','11.3110796','2024-03-21 15:04:27.000000',21,'8X67+9RR'),
(689,'75.965374','11.3110796','2024-03-21 15:04:27.000000',21,'8X67+9RR'),
(690,'75.965374','11.3110796','2024-03-21 15:04:43.000000',21,'8X67+9RR'),
(691,'75.965374','11.3110796','2024-03-21 15:04:43.000000',21,'8X67+9RR'),
(692,'75.965374','11.3110796','2024-03-21 15:04:43.000000',21,'8X67+9RR'),
(693,'75.965374','11.3110796','2024-03-21 15:04:57.000000',21,'8X67+9RR'),
(694,'75.965374','11.3110796','2024-03-21 15:04:58.000000',21,'8X67+9RR'),
(695,'75.965374','11.3110796','2024-03-21 15:04:58.000000',21,'8X67+9RR'),
(696,'75.965374','11.3110796','2024-03-21 15:05:13.000000',21,'8X67+9RR'),
(697,'75.965374','11.3110796','2024-03-21 15:05:13.000000',21,'8X67+9RR'),
(698,'75.965374','11.3110796','2024-03-21 15:05:13.000000',21,'8X67+9RR'),
(699,'75.965374','11.3110796','2024-03-21 15:05:28.000000',21,'8X67+9RR'),
(700,'75.965374','11.3110796','2024-03-21 15:05:28.000000',21,'8X67+9RR'),
(701,'75.7845671','11.2584518','2024-03-24 10:59:08.000000',21,'7Q5M+9WW'),
(702,'75.7845671','11.2584518','2024-03-24 10:59:08.000000',21,'7Q5M+9WW'),
(703,'75.7845671','11.2584518','2024-03-24 10:59:08.000000',21,'7Q5M+9WW'),
(704,'75.7845671','11.2584518','2024-03-24 10:59:10.000000',21,'7Q5M+9WW'),
(705,'75.7845671','11.2584518','2024-03-24 10:59:12.000000',21,'7Q5M+9WW'),
(706,'75.7845671','11.2584518','2024-03-24 10:59:12.000000',21,'7Q5M+9WW'),
(707,'75.7845671','11.2584518','2024-03-24 10:59:22.000000',21,'7Q5M+9WW'),
(708,'75.7845671','11.2584518','2024-03-24 10:59:22.000000',21,'7Q5M+9WW'),
(709,'75.7845671','11.2584518','2024-03-24 10:59:23.000000',21,'7Q5M+9WW'),
(710,'75.7845671','11.2584518','2024-03-24 10:59:26.000000',21,'7Q5M+9WW'),
(711,'75.7845671','11.2584518','2024-03-24 10:59:27.000000',21,'7Q5M+9WW'),
(712,'75.7845671','11.2584518','2024-03-24 10:59:27.000000',21,'7Q5M+9WW'),
(713,'75.7845671','11.2584518','2024-03-24 10:59:38.000000',21,'7Q5M+9WW'),
(714,'75.7845671','11.2584518','2024-03-24 10:59:38.000000',21,'7Q5M+9WW'),
(715,'75.7845671','11.2584518','2024-03-24 10:59:38.000000',21,'7Q5M+9WW'),
(716,'75.7845671','11.2584518','2024-03-24 10:59:41.000000',21,'7Q5M+9WW'),
(717,'75.7845671','11.2584518','2024-03-24 10:59:42.000000',21,'7Q5M+9WW'),
(718,'75.7845671','11.2584518','2024-03-24 10:59:42.000000',21,'7Q5M+9WW'),
(719,'75.7845671','11.2584518','2024-03-24 11:00:11.000000',21,'7Q5M+9WW'),
(720,'75.7839552','11.2589319','2024-03-24 11:03:04.000000',21,'7Q5M+GHV'),
(721,'75.7839552','11.2589319','2024-03-24 11:03:04.000000',21,'7Q5M+GHV'),
(722,'75.7839552','11.2589319','2024-03-24 11:03:04.000000',21,'7Q5M+GHV'),
(723,'75.7839552','11.2589319','2024-03-24 11:03:19.000000',21,'7Q5M+GHV'),
(724,'75.7839552','11.2589319','2024-03-24 11:03:19.000000',21,'7Q5M+GHV'),
(725,'75.7839552','11.2589319','2024-03-24 11:03:34.000000',21,'7Q5M+GHV'),
(726,'75.7839552','11.2589319','2024-03-24 11:03:34.000000',21,'7Q5M+GHV'),
(727,'75.7839552','11.2589319','2024-03-24 11:03:49.000000',21,'7Q5M+GHV'),
(728,'75.7839552','11.2589319','2024-03-24 11:03:49.000000',21,'7Q5M+GHV'),
(729,'75.7839552','11.2589319','2024-03-24 11:04:04.000000',21,'7Q5M+GHV'),
(730,'75.7839552','11.2589319','2024-03-24 11:04:04.000000',21,'7Q5M+GHV'),
(737,'75.7839504','11.2589365','2024-03-24 11:05:05.000000',21,'7Q5M+GHV'),
(738,'75.7839504','11.2589365','2024-03-24 11:05:05.000000',21,'7Q5M+GHV'),
(739,'75.7839504','11.2589365','2024-03-24 11:05:20.000000',21,'7Q5M+GHV'),
(740,'75.7839504','11.2589365','2024-03-24 11:05:20.000000',21,'7Q5M+GHV'),
(741,'75.7839504','11.2589365','2024-03-24 11:05:35.000000',21,'7Q5M+GHV'),
(742,'75.7839504','11.2589365','2024-03-24 11:05:35.000000',21,'7Q5M+GHV'),
(743,'75.7839504','11.2589365','2024-03-24 11:05:50.000000',21,'7Q5M+GHV'),
(744,'75.7839504','11.2589365','2024-03-24 11:05:50.000000',21,'7Q5M+GHV'),
(745,'75.7839538','11.258927','2024-03-24 11:06:05.000000',21,'7Q5M+GHV'),
(746,'75.7839538','11.258927','2024-03-24 11:06:05.000000',21,'7Q5M+GHV'),
(747,'75.7839538','11.258927','2024-03-24 11:06:20.000000',21,'7Q5M+GHV'),
(748,'75.7839538','11.258927','2024-03-24 11:06:20.000000',21,'7Q5M+GHV'),
(749,'75.7839538','11.258927','2024-03-24 11:06:35.000000',21,'7Q5M+GHV'),
(750,'75.7839538','11.258927','2024-03-24 11:06:35.000000',21,'7Q5M+GHV'),
(751,'75.7839538','11.258927','2024-03-24 11:06:51.000000',21,'7Q5M+GHV'),
(752,'75.7839538','11.258927','2024-03-24 11:06:51.000000',21,'7Q5M+GHV'),
(753,'75.7839538','11.258927','2024-03-24 11:06:58.000000',21,'7Q5M+GHV'),
(754,'75.7839538','11.258927','2024-03-24 11:07:06.000000',21,'7Q5M+GHV'),
(755,'75.7839538','11.258927','2024-03-24 11:07:06.000000',21,'7Q5M+GHV'),
(756,'75.7839538','11.258927','2024-03-24 11:07:13.000000',21,'7Q5M+GHV'),
(757,'75.7839538','11.258927','2024-03-24 11:07:21.000000',21,'7Q5M+GHV'),
(758,'75.7839538','11.258927','2024-03-24 11:07:21.000000',21,'7Q5M+GHV'),
(759,'75.7839538','11.258927','2024-03-24 11:07:28.000000',21,'7Q5M+GHV'),
(760,'75.7839538','11.258927','2024-03-24 11:07:36.000000',21,'7Q5M+GHV'),
(761,'75.7839538','11.258927','2024-03-24 11:07:36.000000',21,'7Q5M+GHV'),
(762,'75.7839538','11.258927','2024-03-24 11:07:43.000000',21,'7Q5M+GHV'),
(763,'75.7839538','11.258927','2024-03-24 11:07:51.000000',21,'7Q5M+GHV'),
(764,'75.7839538','11.258927','2024-03-24 11:07:51.000000',21,'7Q5M+GHV'),
(765,'75.7839538','11.258927','2024-03-24 11:07:58.000000',21,'7Q5M+GHV'),
(766,'-122.083922','37.4220936','2024-03-25 10:35:40.000000',26,'1650'),
(767,'-122.083922','37.4220936','2024-03-25 10:35:40.000000',26,'1650'),
(768,'-122.083922','37.4220936','2024-03-25 10:36:23.000000',26,'1650'),
(769,'-122.083922','37.4220936','2024-03-25 10:36:23.000000',26,'1650'),
(770,'-122.083922','37.4220936','2024-03-25 10:36:23.000000',26,'1650'),
(771,'75.9660996','11.3121521','2024-03-25 10:39:00.000000',21,'Mukkam Road'),
(772,'75.9660996','11.3121521','2024-03-25 10:39:00.000000',21,'Mukkam Road'),
(773,'75.9660996','11.3121521','2024-03-25 10:39:00.000000',21,'Mukkam Road'),
(774,'75.9660996','11.3121521','2024-03-25 10:39:00.000000',21,'Mukkam Road'),
(775,'75.9543327','11.3118166','2024-03-25 10:39:14.000000',21,'8X63+VP6'),
(776,'75.9543327','11.3118166','2024-03-25 10:39:15.000000',21,'8X63+VP6'),
(777,'75.9543327','11.3118166','2024-03-25 10:39:15.000000',21,'8X63+VP6'),
(778,'75.9543327','11.3118166','2024-03-25 10:39:30.000000',21,'8X63+VP6'),
(779,'75.9543327','11.3118166','2024-03-25 10:39:30.000000',21,'8X63+VP6'),
(780,'75.9543327','11.3118166','2024-03-25 10:39:30.000000',21,'8X63+VP6'),
(781,'75.9543327','11.3118166','2024-03-25 10:39:45.000000',21,'8X63+VP6'),
(782,'75.9543327','11.3118166','2024-03-25 10:39:45.000000',21,'8X63+VP6'),
(783,'75.9543327','11.3118166','2024-03-25 10:39:45.000000',21,'8X63+VP6'),
(784,'75.9543327','11.3118166','2024-03-25 10:40:00.000000',21,'8X63+VP6'),
(785,'75.9543327','11.3118166','2024-03-25 10:40:00.000000',21,'8X63+VP6'),
(786,'75.9543327','11.3118166','2024-03-25 10:40:00.000000',21,'8X63+VP6'),
(787,'75.9543327','11.3118166','2024-03-25 10:40:15.000000',21,'8X63+VP6'),
(788,'75.9543327','11.3118166','2024-03-25 10:40:15.000000',21,'8X63+VP6'),
(789,'75.9543327','11.3118166','2024-03-25 10:40:15.000000',21,'8X63+VP6'),
(790,'75.9543327','11.3118166','2024-03-25 10:40:30.000000',21,'8X63+VP6'),
(791,'75.9543327','11.3118166','2024-03-25 10:40:30.000000',21,'8X63+VP6'),
(792,'75.9543327','11.3118166','2024-03-25 10:40:30.000000',21,'8X63+VP6'),
(793,'75.9542495','11.3117816','2024-03-25 10:40:59.000000',21,'8X63+VP6'),
(794,'75.9542495','11.3117816','2024-03-25 10:40:59.000000',21,'8X63+VP6'),
(795,'75.9542495','11.3117816','2024-03-25 10:40:59.000000',21,'8X63+VP6'),
(796,'75.9542495','11.3117816','2024-03-25 10:41:14.000000',21,'8X63+VP6'),
(797,'75.9542495','11.3117816','2024-03-25 10:41:14.000000',21,'8X63+VP6'),
(798,'75.9542495','11.3117816','2024-03-25 10:41:29.000000',21,'8X63+VP6'),
(799,'75.9542495','11.3117816','2024-03-25 10:41:29.000000',21,'8X63+VP6'),
(800,'75.9542495','11.3117816','2024-03-25 10:41:44.000000',21,'8X63+VP6'),
(801,'75.9542495','11.3117816','2024-03-25 10:41:44.000000',21,'8X63+VP6'),
(802,'75.9542495','11.3117816','2024-03-25 10:41:59.000000',21,'8X63+VP6'),
(803,'75.9542495','11.3117816','2024-03-25 10:41:59.000000',21,'8X63+VP6'),
(804,'-122.083922','37.4220936','2024-03-25 10:59:28.000000',26,'1650'),
(805,'-122.083922','37.4220936','2024-03-25 11:01:26.000000',26,'1650'),
(806,'-122.083922','37.4220936','2024-03-25 11:01:26.000000',26,'1650'),
(807,'-122.083922','37.4220936','2024-03-25 11:01:28.000000',26,'1650'),
(808,'-122.083922','37.4220936','2024-03-25 11:02:00.000000',26,'1650'),
(809,'-122.083922','37.4220936','2024-03-25 11:02:00.000000',26,'1650'),
(810,'-122.083922','37.4220936','2024-03-25 11:02:01.000000',26,'1650'),
(811,'-122.083922','37.4220936','2024-03-25 11:02:46.000000',26,'1650'),
(812,'-122.083922','37.4220936','2024-03-25 11:02:46.000000',26,'1650'),
(813,'-122.083922','37.4220936','2024-03-25 11:02:46.000000',26,'1650'),
(814,'-122.083922','37.4220936','2024-03-25 11:03:01.000000',26,'1650'),
(815,'-122.083922','37.4220936','2024-03-25 11:03:01.000000',26,'1650'),
(816,'-122.083922','37.4220936','2024-03-25 11:03:16.000000',26,'1650'),
(817,'-122.083922','37.4220936','2024-03-25 11:03:16.000000',26,'1650'),
(818,'-122.083922','37.4220936','2024-03-25 11:03:31.000000',26,'1650'),
(819,'-122.083922','37.4220936','2024-03-25 11:03:31.000000',26,'1650'),
(820,'-122.083922','37.4220936','2024-03-25 11:03:35.000000',26,'1650'),
(821,'-122.083922','37.4220936','2024-03-25 11:03:46.000000',26,'1650'),
(822,'-122.083922','37.4220936','2024-03-25 11:03:46.000000',26,'1650'),
(823,'-122.083922','37.4220936','2024-03-25 11:03:50.000000',26,'1650'),
(824,'-122.083922','37.4220936','2024-03-25 11:04:01.000000',26,'1650'),
(825,'-122.083922','37.4220936','2024-03-25 11:04:01.000000',26,'1650'),
(826,'-122.083922','37.4220936','2024-03-25 11:04:05.000000',26,'1650'),
(827,'-122.083922','37.4220936','2024-03-25 11:04:16.000000',26,'1650'),
(828,'-122.083922','37.4220936','2024-03-25 11:04:16.000000',26,'1650'),
(829,'-122.083922','37.4220936','2024-03-25 11:04:20.000000',26,'1650'),
(830,'-122.083922','37.4220936','2024-03-25 11:04:31.000000',26,'1650'),
(831,'-122.083922','37.4220936','2024-03-25 11:04:31.000000',26,'1650'),
(832,'-122.083922','37.4220936','2024-03-25 11:04:35.000000',26,'1650'),
(833,'-122.083922','37.4220936','2024-03-25 11:04:46.000000',26,'1650'),
(834,'-122.083922','37.4220936','2024-03-25 11:04:47.000000',26,'1650'),
(835,'-122.083922','37.4220936','2024-03-25 11:04:50.000000',26,'1650'),
(836,'-122.083922','37.4220936','2024-03-25 11:05:01.000000',26,'1650'),
(837,'-122.083922','37.4220936','2024-03-25 11:05:02.000000',26,'1650'),
(838,'-122.083922','37.4220936','2024-03-25 11:05:05.000000',26,'1650'),
(839,'75.9542975','11.3118088','2024-03-25 11:06:00.000000',21,'8X63+VP6'),
(840,'75.9542975','11.3118088','2024-03-25 11:06:00.000000',21,'8X63+VP6'),
(841,'75.9542975','11.3118088','2024-03-25 11:06:00.000000',21,'8X63+VP6'),
(842,'75.9542975','11.3118088','2024-03-25 11:06:15.000000',21,'8X63+VP6'),
(843,'75.9542975','11.3118088','2024-03-25 11:06:15.000000',21,'8X63+VP6'),
(844,'75.9542975','11.3118088','2024-03-25 11:06:30.000000',21,'8X63+VP6'),
(845,'75.9542975','11.3118088','2024-03-25 11:06:30.000000',21,'8X63+VP6'),
(846,'75.9542975','11.3118088','2024-03-25 11:06:45.000000',21,'8X63+VP6'),
(847,'75.9542975','11.3118088','2024-03-25 11:06:45.000000',21,'8X63+VP6'),
(848,'75.9545012','11.3119164','2024-03-25 11:07:01.000000',21,'8X63+VP6'),
(849,'75.9545012','11.3119164','2024-03-25 11:07:01.000000',21,'8X63+VP6'),
(850,'75.9545012','11.3119164','2024-03-25 11:07:16.000000',21,'8X63+VP6'),
(851,'75.9545012','11.3119164','2024-03-25 11:07:16.000000',21,'8X63+VP6'),
(852,'-122.083922','37.4220936','2024-03-25 11:07:23.000000',26,'1650'),
(853,'-122.083922','37.4220936','2024-03-25 11:07:23.000000',26,'1650'),
(854,'-122.083922','37.4220936','2024-03-25 11:07:23.000000',26,'1650'),
(855,'75.9545012','11.3119164','2024-03-25 11:07:31.000000',21,'8X63+VP6'),
(856,'75.9545012','11.3119164','2024-03-25 11:07:31.000000',21,'8X63+VP6'),
(857,'-122.083922','37.4220936','2024-03-25 11:07:38.000000',26,'1650'),
(858,'-122.083922','37.4220936','2024-03-25 11:07:38.000000',26,'1650'),
(859,'75.9545012','11.3119164','2024-03-25 11:07:46.000000',21,'8X63+VP6'),
(860,'75.9545012','11.3119164','2024-03-25 11:07:46.000000',21,'8X63+VP6'),
(861,'-122.083922','37.4220936','2024-03-25 11:07:54.000000',26,'1650'),
(862,'-122.083922','37.4220936','2024-03-25 11:07:54.000000',26,'1650'),
(863,'75.9543305','11.3118356','2024-03-25 11:08:01.000000',21,'8X63+VP6'),
(864,'75.9543305','11.3118356','2024-03-25 11:08:01.000000',21,'8X63+VP6'),
(865,'-122.083922','37.4220936','2024-03-25 11:08:09.000000',26,'1650'),
(866,'-122.083922','37.4220936','2024-03-25 11:08:09.000000',26,'1650'),
(867,'75.9543305','11.3118356','2024-03-25 11:08:16.000000',21,'8X63+VP6'),
(868,'75.9543305','11.3118356','2024-03-25 11:08:16.000000',21,'8X63+VP6'),
(869,'-122.083922','37.4220936','2024-03-25 11:08:24.000000',26,'1650'),
(870,'-122.083922','37.4220936','2024-03-25 11:08:24.000000',26,'1650'),
(871,'75.9543305','11.3118356','2024-03-25 11:08:31.000000',21,'8X63+VP6'),
(872,'75.9543305','11.3118356','2024-03-25 11:08:31.000000',21,'8X63+VP6'),
(873,'75.9543305','11.3118356','2024-03-25 11:08:46.000000',21,'8X63+VP6'),
(874,'75.9543305','11.3118356','2024-03-25 11:08:46.000000',21,'8X63+VP6'),
(875,'75.9544493','11.3118538','2024-03-25 11:09:02.000000',21,'8X63+VP6'),
(876,'75.9544493','11.3118538','2024-03-25 11:09:02.000000',21,'8X63+VP6'),
(877,'75.9544493','11.3118538','2024-03-25 11:09:17.000000',21,'8X63+VP6'),
(878,'75.9544493','11.3118538','2024-03-25 11:09:17.000000',21,'8X63+VP6'),
(879,'75.9544493','11.3118538','2024-03-25 11:09:32.000000',21,'8X63+VP6'),
(880,'75.9544493','11.3118538','2024-03-25 11:09:32.000000',21,'8X63+VP6'),
(881,'75.9544493','11.3118538','2024-03-25 11:09:47.000000',21,'8X63+VP6'),
(882,'75.9544493','11.3118538','2024-03-25 11:09:47.000000',21,'8X63+VP6'),
(883,'75.9543633','11.3118573','2024-03-25 11:10:03.000000',21,'8X63+VP6'),
(884,'75.9543633','11.3118573','2024-03-25 11:10:03.000000',21,'8X63+VP6'),
(885,'75.9543633','11.3118573','2024-03-25 11:10:18.000000',21,'8X63+VP6'),
(886,'75.9543633','11.3118573','2024-03-25 11:10:18.000000',21,'8X63+VP6'),
(887,'75.9543633','11.3118573','2024-03-25 11:10:33.000000',21,'8X63+VP6'),
(888,'75.9543633','11.3118573','2024-03-25 11:10:33.000000',21,'8X63+VP6'),
(889,'75.9543633','11.3118573','2024-03-25 11:10:48.000000',21,'8X63+VP6'),
(890,'75.9543633','11.3118573','2024-03-25 11:10:48.000000',21,'8X63+VP6'),
(891,'75.9548995','11.3120822','2024-03-25 11:11:04.000000',21,'8X64+Q3R'),
(892,'75.9548995','11.3120822','2024-03-25 11:11:04.000000',21,'8X64+Q3R'),
(893,'75.9548995','11.3120822','2024-03-25 11:11:19.000000',21,'8X64+Q3R'),
(894,'75.9548995','11.3120822','2024-03-25 11:11:19.000000',21,'8X64+Q3R'),
(895,'75.9548995','11.3120822','2024-03-25 11:11:34.000000',21,'8X64+Q3R'),
(896,'75.9548995','11.3120822','2024-03-25 11:11:34.000000',21,'8X64+Q3R'),
(897,'75.9548995','11.3120822','2024-03-25 11:11:49.000000',21,'8X64+Q3R'),
(898,'75.9548995','11.3120822','2024-03-25 11:11:49.000000',21,'8X64+Q3R'),
(899,'75.9549306','11.3121043','2024-03-25 11:12:07.000000',21,'8X63+WV9'),
(900,'75.9549306','11.3121043','2024-03-25 11:12:07.000000',21,'8X63+WV9'),
(901,'75.9549306','11.3121043','2024-03-25 11:12:22.000000',21,'8X63+WV9'),
(902,'75.9549306','11.3121043','2024-03-25 11:12:22.000000',21,'8X63+WV9'),
(903,'75.9549306','11.3121043','2024-03-25 11:12:37.000000',21,'8X63+WV9'),
(904,'75.9549306','11.3121043','2024-03-25 11:12:37.000000',21,'8X63+WV9'),
(905,'75.9549306','11.3121043','2024-03-25 11:13:01.000000',21,'8X63+WV9'),
(906,'75.9549306','11.3121043','2024-03-25 11:13:01.000000',21,'8X63+WV9'),
(907,'75.9544886','11.3105561','2024-03-26 09:22:33.000000',21,'8X63+6RM'),
(908,'75.9544886','11.3105561','2024-03-26 09:22:33.000000',21,'8X63+6RM'),
(909,'75.9544886','11.3105561','2024-03-26 09:22:33.000000',21,'8X63+6RM'),
(910,'75.9544886','11.3105561','2024-03-26 09:22:48.000000',21,'8X63+6RM'),
(911,'75.9544886','11.3105561','2024-03-26 09:22:48.000000',21,'8X63+6RM'),
(912,'75.9544886','11.3105561','2024-03-26 09:23:03.000000',21,'8X63+6RM'),
(913,'75.9544886','11.3105561','2024-03-26 09:23:03.000000',21,'8X63+6RM'),
(914,'75.9544886','11.3105561','2024-03-26 09:23:18.000000',21,'8X63+6RM'),
(915,'75.9544886','11.3105561','2024-03-26 09:23:18.000000',21,'8X63+6RM'),
(916,'75.9544886','11.3105561','2024-03-26 09:23:33.000000',21,'8X63+6RM'),
(917,'75.9544886','11.3105561','2024-03-26 09:23:33.000000',21,'8X63+6RM'),
(918,'75.9547925','11.3119756','2024-03-26 09:25:38.000000',21,'8X63+WV9'),
(919,'75.9547925','11.3119756','2024-03-26 09:25:38.000000',21,'8X63+WV9'),
(920,'75.9547925','11.3119756','2024-03-26 09:25:39.000000',21,'8X63+WV9'),
(921,'75.9547925','11.3119756','2024-03-26 09:25:40.000000',21,'8X63+WV9'),
(922,'75.9547925','11.3119756','2024-03-26 09:25:53.000000',21,'8X63+WV9'),
(923,'75.9547925','11.3119756','2024-03-26 09:25:54.000000',21,'8X63+WV9'),
(924,'75.9547925','11.3119756','2024-03-26 09:25:55.000000',21,'8X63+WV9'),
(925,'75.9547925','11.3119756','2024-03-26 09:26:09.000000',21,'8X63+WV9'),
(926,'75.9547925','11.3119756','2024-03-26 09:26:09.000000',21,'8X63+WV9'),
(927,'75.9547925','11.3119756','2024-03-26 09:26:10.000000',21,'8X63+WV9'),
(928,'75.9547925','11.3119756','2024-03-26 09:26:24.000000',21,'8X63+WV9'),
(929,'75.9547925','11.3119756','2024-03-26 09:26:24.000000',21,'8X63+WV9'),
(930,'75.9547925','11.3119756','2024-03-26 09:26:25.000000',21,'8X63+WV9'),
(931,'75.9547925','11.3119756','2024-03-26 09:26:39.000000',21,'8X63+WV9'),
(932,'75.9547925','11.3119756','2024-03-26 09:26:39.000000',21,'8X63+WV9'),
(933,'75.9547925','11.3119756','2024-03-26 09:26:40.000000',21,'8X63+WV9'),
(934,'75.9547925','11.3119756','2024-03-26 09:26:54.000000',21,'8X63+WV9'),
(935,'75.9547925','11.3119756','2024-03-26 09:26:54.000000',21,'8X63+WV9'),
(936,'75.9547925','11.3119756','2024-03-26 09:26:55.000000',21,'8X63+WV9'),
(937,'75.9547925','11.3119756','2024-03-26 09:27:18.000000',21,'8X63+WV9'),
(938,'75.9547925','11.3119756','2024-03-26 09:27:18.000000',21,'8X63+WV9'),
(939,'75.9547925','11.3119756','2024-03-26 09:27:18.000000',21,'8X63+WV9'),
(940,'75.9547925','11.3119756','2024-03-26 09:27:18.000000',21,'8X63+WV9'),
(941,'75.9549392','11.3104233','2024-03-26 09:27:34.000000',21,'8X63+FMQ'),
(942,'75.9549392','11.3104233','2024-03-26 09:27:34.000000',21,'8X63+FMQ'),
(943,'75.9549392','11.3104233','2024-03-26 09:27:34.000000',21,'8X63+FMQ'),
(944,'75.9549392','11.3104233','2024-03-26 09:27:49.000000',21,'8X63+FMQ'),
(945,'75.9549392','11.3104233','2024-03-26 09:27:49.000000',21,'8X63+FMQ'),
(946,'75.9549392','11.3104233','2024-03-26 09:27:49.000000',21,'8X63+FMQ'),
(947,'75.9549392','11.3104233','2024-03-26 09:28:10.000000',21,'8X63+FMQ'),
(948,'75.9549392','11.3104233','2024-03-26 09:28:10.000000',21,'8X63+FMQ'),
(949,'75.9549392','11.3104233','2024-03-26 09:28:10.000000',21,'8X63+FMQ'),
(950,'75.9549392','11.3104233','2024-03-26 09:28:25.000000',21,'8X63+FMQ'),
(951,'75.9549392','11.3104233','2024-03-26 09:28:25.000000',21,'8X63+FMQ'),
(952,'75.9549392','11.3104233','2024-03-26 09:28:25.000000',21,'8X63+FMQ'),
(953,'75.9549392','11.3104233','2024-03-26 09:28:40.000000',21,'8X63+FMQ'),
(954,'75.9549392','11.3104233','2024-03-26 09:28:40.000000',21,'8X63+FMQ'),
(955,'75.9549392','11.3104233','2024-03-26 09:28:41.000000',21,'8X63+FMQ'),
(956,'75.9549392','11.3104233','2024-03-26 09:28:41.000000',21,'8X63+FMQ'),
(957,'75.9547435','11.3118467','2024-03-26 09:29:04.000000',21,'8X63+WV9'),
(958,'75.9547435','11.3118467','2024-03-26 09:29:04.000000',21,'8X63+WV9'),
(959,'75.9547435','11.3118467','2024-03-26 09:29:04.000000',21,'8X63+WV9'),
(960,'75.9547435','11.3118467','2024-03-26 09:29:15.000000',21,'8X63+WV9'),
(961,'75.9547435','11.3118467','2024-03-26 09:29:18.000000',21,'8X63+WV9'),
(962,'75.9547435','11.3118467','2024-03-26 09:29:19.000000',21,'8X63+WV9'),
(963,'75.9547435','11.3118467','2024-03-26 09:29:19.000000',21,'8X63+WV9'),
(964,'75.9547435','11.3118467','2024-03-26 09:29:30.000000',21,'8X63+WV9'),
(965,'75.9547435','11.3118467','2024-03-26 09:29:34.000000',21,'8X63+WV9'),
(966,'75.9547435','11.3118467','2024-03-26 09:29:34.000000',21,'8X63+WV9'),
(967,'75.9547435','11.3118467','2024-03-26 09:29:34.000000',21,'8X63+WV9'),
(968,'-122.083922','37.4220936','2024-03-26 09:34:36.000000',26,'1650'),
(969,'-122.083922','37.4220936','2024-03-26 09:34:36.000000',26,'1650'),
(970,'-122.083922','37.4220936','2024-03-26 09:34:37.000000',26,'1650'),
(971,'-122.083922','37.4220936','2024-03-26 09:34:37.000000',26,'1650'),
(972,'-122.083922','37.4220936','2024-03-26 09:34:37.000000',26,'1650'),
(973,'-122.083922','37.4220936','2024-03-26 09:34:48.000000',26,'1650'),
(974,'-122.083922','37.4220936','2024-03-26 09:34:48.000000',26,'1650'),
(975,'-122.083922','37.4220936','2024-03-26 09:34:51.000000',26,'1650'),
(976,'-122.083922','37.4220936','2024-03-26 09:35:02.000000',26,'1650'),
(977,'-122.083922','37.4220936','2024-03-26 09:35:02.000000',26,'1650'),
(978,'-122.083922','37.4220936','2024-03-26 09:35:03.000000',26,'1650'),
(979,'-122.083922','37.4220936','2024-03-26 09:35:03.000000',26,'1650'),
(980,'-122.083922','37.4220936','2024-03-26 09:35:06.000000',26,'1650'),
(981,'-122.083922','37.4220936','2024-03-26 09:35:17.000000',26,'1650'),
(982,'-122.083922','37.4220936','2024-03-26 09:35:18.000000',26,'1650'),
(983,'-122.083922','37.4220936','2024-03-26 09:35:19.000000',26,'1650'),
(984,'-122.083922','37.4220936','2024-03-26 09:35:19.000000',26,'1650'),
(985,'-122.083922','37.4220936','2024-03-26 09:35:22.000000',26,'1650'),
(986,'-122.083922','37.4220936','2024-03-26 09:35:32.000000',26,'1650'),
(987,'-122.083922','37.4220936','2024-03-26 09:35:33.000000',26,'1650'),
(988,'-122.083922','37.4220936','2024-03-26 09:35:34.000000',26,'1650'),
(989,'-122.083922','37.4220936','2024-03-26 09:35:34.000000',26,'1650'),
(990,'-122.083922','37.4220936','2024-03-26 09:35:37.000000',26,'1650'),
(991,'-122.083922','37.4220936','2024-03-26 09:35:48.000000',26,'1650'),
(992,'-122.083922','37.4220936','2024-03-26 09:35:48.000000',26,'1650'),
(993,'-122.083922','37.4220936','2024-03-26 09:35:49.000000',26,'1650'),
(994,'-122.083922','37.4220936','2024-03-26 09:35:50.000000',26,'1650'),
(995,'-122.083922','37.4220936','2024-03-26 09:35:52.000000',26,'1650'),
(996,'-122.083922','37.4220936','2024-03-26 09:36:03.000000',26,'1650'),
(997,'-122.083922','37.4220936','2024-03-26 09:36:03.000000',26,'1650'),
(998,'-122.083922','37.4220936','2024-03-26 09:36:04.000000',26,'1650'),
(999,'-122.083922','37.4220936','2024-03-26 09:36:05.000000',26,'1650'),
(1000,'-122.083922','37.4220936','2024-03-26 09:37:17.000000',26,'1650'),
(1001,'-122.083922','37.4220936','2024-03-26 09:37:17.000000',26,'1650'),
(1002,'-122.083922','37.4220936','2024-03-26 09:37:17.000000',26,'1650'),
(1003,'-122.083922','37.4220936','2024-03-26 09:37:32.000000',26,'1650'),
(1004,'-122.083922','37.4220936','2024-03-26 09:37:32.000000',26,'1650'),
(1005,'-122.083922','37.4220936','2024-03-26 09:37:47.000000',26,'1650'),
(1006,'-122.083922','37.4220936','2024-03-26 09:37:47.000000',26,'1650'),
(1007,'-122.083922','37.4220936','2024-03-26 09:38:02.000000',26,'1650'),
(1008,'-122.083922','37.4220936','2024-03-26 09:38:02.000000',26,'1650'),
(1009,'-122.083922','37.4220936','2024-03-26 09:38:17.000000',26,'1650'),
(1010,'-122.083922','37.4220936','2024-03-26 09:38:17.000000',26,'1650'),
(1011,'75.965374','11.3110796','2024-03-26 09:45:44.000000',21,'8X67+9RR'),
(1012,'75.965374','11.3110796','2024-03-26 09:45:44.000000',21,'8X67+9RR'),
(1013,'75.965374','11.3110796','2024-03-26 09:45:44.000000',21,'8X67+9RR'),
(1014,'75.965374','11.3110796','2024-03-26 09:45:59.000000',21,'8X67+9RR'),
(1015,'75.965374','11.3110796','2024-03-26 09:45:59.000000',21,'8X67+9RR'),
(1016,'75.965374','11.3110796','2024-03-26 09:46:14.000000',21,'8X67+9RR'),
(1017,'75.965374','11.3110796','2024-03-26 09:46:14.000000',21,'8X67+9RR'),
(1018,'75.965374','11.3110796','2024-03-26 09:46:29.000000',21,'8X67+9RR'),
(1019,'75.965374','11.3110796','2024-03-26 09:46:29.000000',21,'8X67+9RR'),
(1020,'75.965374','11.3110796','2024-03-26 09:46:44.000000',21,'8X67+9RR'),
(1021,'75.965374','11.3110796','2024-03-26 09:46:44.000000',21,'8X67+9RR'),
(1022,'75.965374','11.3110796','2024-03-26 09:46:53.000000',21,'8X67+9RR'),
(1023,'75.965374','11.3110796','2024-03-26 09:46:59.000000',21,'8X67+9RR'),
(1024,'75.965374','11.3110796','2024-03-26 09:46:59.000000',21,'8X67+9RR'),
(1025,'75.965374','11.3110796','2024-03-26 09:47:08.000000',21,'8X67+9RR'),
(1026,'75.965374','11.3110796','2024-03-26 09:47:14.000000',21,'8X67+9RR'),
(1027,'75.965374','11.3110796','2024-03-26 09:47:14.000000',21,'8X67+9RR'),
(1028,'75.965374','11.3110796','2024-03-26 09:47:23.000000',21,'8X67+9RR'),
(1029,'75.965374','11.3110796','2024-03-26 09:47:29.000000',21,'8X67+9RR'),
(1030,'75.965374','11.3110796','2024-03-26 09:47:29.000000',21,'8X67+9RR'),
(1031,'75.965374','11.3110796','2024-03-26 09:47:38.000000',21,'8X67+9RR'),
(1032,'75.965374','11.3110796','2024-03-26 09:47:44.000000',21,'8X67+9RR'),
(1033,'75.965374','11.3110796','2024-03-26 09:47:44.000000',21,'8X67+9RR'),
(1034,'75.965374','11.3110796','2024-03-26 09:47:53.000000',21,'8X67+9RR'),
(1035,'75.965374','11.3110796','2024-03-26 09:48:47.000000',21,'8X67+9RR'),
(1036,'75.965374','11.3110796','2024-03-26 09:48:47.000000',21,'8X67+9RR'),
(1037,'75.965374','11.3110796','2024-03-26 09:48:47.000000',21,'8X67+9RR'),
(1038,'75.965374','11.3110796','2024-03-26 09:48:49.000000',21,'8X67+9RR'),
(1039,'75.965374','11.3110796','2024-03-26 09:49:03.000000',21,'8X67+9RR'),
(1040,'75.965374','11.3110796','2024-03-26 09:49:03.000000',21,'8X67+9RR'),
(1041,'75.965374','11.3110796','2024-03-26 09:49:04.000000',21,'8X67+9RR'),
(1042,'75.965374','11.3110796','2024-03-26 09:49:20.000000',21,'8X67+9RR'),
(1043,'75.965374','11.3110796','2024-03-26 09:49:20.000000',21,'8X67+9RR'),
(1044,'75.965374','11.3110796','2024-03-26 09:49:22.000000',21,'8X67+9RR');

/*Table structure for table `myapp_login` */

DROP TABLE IF EXISTS `myapp_login`;

CREATE TABLE `myapp_login` (
  `id` bigint(20) NOT NULL AUTO_INCREMENT,
  `username` varchar(25) NOT NULL,
  `password` varchar(25) NOT NULL,
  `type` varchar(10) NOT NULL,
  PRIMARY KEY (`id`)
) ENGINE=InnoDB AUTO_INCREMENT=52 DEFAULT CHARSET=utf8mb4 COLLATE=utf8mb4_general_ci;

/*Data for the table `myapp_login` */

insert  into `myapp_login`(`id`,`username`,`password`,`type`) values 
(1,'admin','Admin','admin'),
(22,'maanaspk@gmail.com','Aswin@123','employee'),
(25,'nihal1234@gmail.com','Nihal@123','employee'),
(27,'subair12345@gmail.com','Subair@1234','employee'),
(28,'meera@gmail.com','Meera@1234','employee'),
(29,'karthik@gmail.com','Karthik@1234','employee'),
(30,'nadha@gmail.com','Nedha@1234','employee'),
(31,'salha@gmail.com','Salha@1234','employee'),
(32,'baghya@gmaail.com','Bhaghya@1234','employee'),
(33,'ravi@gmail.com','Ravi@123','employee'),
(34,'shaju@gmail.com','Shaju@123','employee'),
(35,'john@gmail.com','John@1234','employee'),
(36,'sreedevi@gmail.com','Sreedvi@1234','employee'),
(37,'rajeesh@gmail.com','Rajeesh@1234','employee'),
(38,'sreekumar@gmail.com','Sreekumar@1234','employee'),
(39,'sreejesh@gmail.com','Sreejesh@1234','employee'),
(40,'hiba@gmail.com','Hiba@1234','employee'),
(41,'mishab@gmail.com','Mishab@1234','employee'),
(42,'sreelesh@gmail.com','Sreelesh@1234','employee'),
(43,'adarsh@gmail.com','Adarsh@1234','employee'),
(44,'sumesh@gmail.com','Sumesh@1235','employee'),
(45,'aleef@gmail.com','Aleef@1234','employee'),
(46,'anu@gmail.com','Anu@123456','employee'),
(47,'sreeja@gmail.com','Sreeja@1234','employee'),
(48,'sreeram@gmail.com','Sreeram@1234','employee'),
(49,'hadi@gmail.com','Hadi@1234','employee'),
(50,'sumi@gmail.com','Sumi@1234','employee'),
(51,'akshay@gmail.com','Akshay@1234','employee');

/*Table structure for table `myapp_messagelogs` */

DROP TABLE IF EXISTS `myapp_messagelogs`;

CREATE TABLE `myapp_messagelogs` (
  `id` bigint(20) NOT NULL AUTO_INCREMENT,
  `sms_info` varchar(2000) NOT NULL,
  `type` varchar(30) NOT NULL,
  `date` datetime(6) NOT NULL,
  `EMPLOYEE_id` bigint(20) NOT NULL,
  `phonenumber` varchar(40) NOT NULL,
  PRIMARY KEY (`id`),
  KEY `myapp_messagelogs_EMPLOYEE_id_4c9e514f_fk_myapp_employee_id` (`EMPLOYEE_id`),
  CONSTRAINT `myapp_messagelogs_EMPLOYEE_id_4c9e514f_fk_myapp_employee_id` FOREIGN KEY (`EMPLOYEE_id`) REFERENCES `myapp_employee` (`id`)
) ENGINE=InnoDB AUTO_INCREMENT=18 DEFAULT CHARSET=utf8mb4 COLLATE=utf8mb4_general_ci;

/*Data for the table `myapp_messagelogs` */

insert  into `myapp_messagelogs`(`id`,`sms_info`,`type`,`date`,`EMPLOYEE_id`,`phonenumber`) values 
(1,'R\nHello','outgoing','2024-02-16 00:00:00.000000',21,'+919656600778'),
(3,'Ufufuydydy','incoming','2024-02-16 00:00:00.000000',21,'+919656600778'),
(4,'Dear Customer, You have a miss','incoming','2024-02-19 00:00:00.000000',21,'919539963367'),
(5,'Gsjsiahaisia\nShaisvsizjx sixjebqoak zks\nSkzizbsisbe9wsx0dnejs9znskow\nSzj9ssiejissjxhodndis ewoendisiejd\nDdjdkdjdhdudbdjdbdbdjxbhxjdid\nFffffidije\n\nFffidoj','incoming','2024-02-19 00:00:00.000000',21,'+919656600778'),
(8,'Hey','outgoing','2024-02-19 17:28:33.000000',21,'+919656600778'),
(9,'Hey','outgoing','2024-02-19 23:01:45.000000',21,'+919995139531'),
(15,'Hlo','outgoing','2024-02-21 15:04:47.000000',21,'+919539963367'),
(16,'Hhoi','incoming','2024-02-21 15:09:21.000000',21,'+919633143577'),
(17,'Your plan for Jio number 9020112197 is expiring today. Recharge IMMEDIATELY to enjoy continued services.','incoming','2024-02-21 15:59:26.000000',21,'JL-JIOINF');

/*Table structure for table `myapp_profile` */

DROP TABLE IF EXISTS `myapp_profile`;

CREATE TABLE `myapp_profile` (
  `id` bigint(20) NOT NULL AUTO_INCREMENT,
  `wallpaper` varchar(300) NOT NULL,
  `touchmode` varchar(300) NOT NULL,
  `brightness` varchar(30) NOT NULL,
  PRIMARY KEY (`id`)
) ENGINE=InnoDB DEFAULT CHARSET=utf8mb4 COLLATE=utf8mb4_general_ci;

/*Data for the table `myapp_profile` */

/*Table structure for table `myapp_profilesettings` */

DROP TABLE IF EXISTS `myapp_profilesettings`;

CREATE TABLE `myapp_profilesettings` (
  `id` bigint(20) NOT NULL AUTO_INCREMENT,
  `sdcard` varchar(300) NOT NULL,
  `ringmode` varchar(300) NOT NULL,
  `brightness` varchar(300) NOT NULL,
  `touchmode` varchar(300) NOT NULL,
  `EMPLOYEE_id` bigint(20) NOT NULL,
  `wallpaper` varchar(300) NOT NULL,
  PRIMARY KEY (`id`),
  KEY `myapp_profilesettings_EMPLOYEE_id_29cbebf9_fk_myapp_employee_id` (`EMPLOYEE_id`),
  CONSTRAINT `myapp_profilesettings_EMPLOYEE_id_29cbebf9_fk_myapp_employee_id` FOREIGN KEY (`EMPLOYEE_id`) REFERENCES `myapp_employee` (`id`)
) ENGINE=InnoDB AUTO_INCREMENT=3 DEFAULT CHARSET=utf8mb4 COLLATE=utf8mb4_general_ci;

/*Data for the table `myapp_profilesettings` */

insert  into `myapp_profilesettings`(`id`,`sdcard`,`ringmode`,`brightness`,`touchmode`,`EMPLOYEE_id`,`wallpaper`) values 
(1,'Off','GENERAL','9','Off',21,'wallpaper2'),
(2,'On','GENERAL','50','Off',26,'wallpaper3');

/*Table structure for table `myapp_report` */

DROP TABLE IF EXISTS `myapp_report`;

CREATE TABLE `myapp_report` (
  `id` bigint(20) NOT NULL AUTO_INCREMENT,
  `description` varchar(500) NOT NULL,
  `date` date NOT NULL,
  `EMPLOYEE_id` bigint(20) NOT NULL,
  PRIMARY KEY (`id`),
  KEY `myapp_report_EMPLOYEE_id_53208997_fk_myapp_employee_id` (`EMPLOYEE_id`),
  CONSTRAINT `myapp_report_EMPLOYEE_id_53208997_fk_myapp_employee_id` FOREIGN KEY (`EMPLOYEE_id`) REFERENCES `myapp_employee` (`id`)
) ENGINE=InnoDB DEFAULT CHARSET=utf8mb4 COLLATE=utf8mb4_general_ci;

/*Data for the table `myapp_report` */

/*Table structure for table `myapp_simchange` */

DROP TABLE IF EXISTS `myapp_simchange`;

CREATE TABLE `myapp_simchange` (
  `id` bigint(20) NOT NULL AUTO_INCREMENT,
  `notification` varchar(500) NOT NULL,
  `sim_date` datetime(6) NOT NULL,
  `EMPLOYEE_id` bigint(20) NOT NULL,
  PRIMARY KEY (`id`),
  KEY `myapp_simchange_EMPLOYEE_id_31c220f9_fk_myapp_employee_id` (`EMPLOYEE_id`),
  CONSTRAINT `myapp_simchange_EMPLOYEE_id_31c220f9_fk_myapp_employee_id` FOREIGN KEY (`EMPLOYEE_id`) REFERENCES `myapp_employee` (`id`)
) ENGINE=InnoDB AUTO_INCREMENT=4 DEFAULT CHARSET=utf8mb4 COLLATE=utf8mb4_general_ci;

/*Data for the table `myapp_simchange` */

insert  into `myapp_simchange`(`id`,`notification`,`sim_date`,`EMPLOYEE_id`) values 
(1,'New Sim has been detected','2024-03-20 23:00:03.315098',21),
(2,'New Sim has been detected','2024-03-25 11:01:45.731395',26),
(3,'New Sim has been detected','2024-03-26 09:25:34.789759',21);

/*Table structure for table `myapp_work` */

DROP TABLE IF EXISTS `myapp_work`;

CREATE TABLE `myapp_work` (
  `id` bigint(20) NOT NULL AUTO_INCREMENT,
  `work_tittle` varchar(30) NOT NULL,
  `work_description` varchar(500) NOT NULL,
  `date` date NOT NULL,
  PRIMARY KEY (`id`)
) ENGINE=InnoDB AUTO_INCREMENT=17 DEFAULT CHARSET=utf8mb4 COLLATE=utf8mb4_general_ci;

/*Data for the table `myapp_work` */

insert  into `myapp_work`(`id`,`work_tittle`,`work_description`,`date`) values 
(4,'Manage Employee','Manage 5 employees\r\n','2024-02-11'),
(5,'Contact 5 persons','Contact the below 5 persons','2024-02-12'),
(6,'Call 5 customers','973323723\r\n7372387238\r\n32899238','2024-02-12'),
(7,'Manage 10 Customers','please handle the customers','2024-02-13'),
(8,'Manage Degree  Customers',' Customers:\r\n9893922931-raj\r\n9393829392sam\r\n8383929293-sreeja','2024-02-15'),
(9,'Interview for 5 persons','Conduct interview for the below persons\r\nRaj\r\nSooraj\r\nHari\r\nvyshak\r\nSravan','2024-02-15'),
(10,'Meet 2  customer','Meet the two customers','2024-02-15'),
(11,'add datas in spreadsheet','add datas in spreadsheet','2024-02-15'),
(12,'job interview@kozhikode','conduct job interview@kozhikode','2024-02-15'),
(13,'job interview @trivandrum','cunduct job interview @trivandrum','2024-02-15'),
(14,'job interview @Kannur','conduct job interview @trivandrum','2024-02-15'),
(15,'job interview @Kochi','Conduct job interview @Kochi','2024-02-15'),
(16,'Placement Managing','Manage placement @IHRD thamarassery','2024-02-15');

/*Table structure for table `myapp_zone` */

DROP TABLE IF EXISTS `myapp_zone`;

CREATE TABLE `myapp_zone` (
  `id` bigint(20) NOT NULL AUTO_INCREMENT,
  `lattitude` varchar(300) NOT NULL,
  `longitude` varchar(300) NOT NULL,
  `date` date NOT NULL,
  `EMPLOYEE_id` bigint(20) NOT NULL,
  `place` varchar(300) NOT NULL,
  PRIMARY KEY (`id`),
  KEY `myapp_zone_EMPLOYEE_id_48ed9e70_fk_myapp_employee_id` (`EMPLOYEE_id`),
  CONSTRAINT `myapp_zone_EMPLOYEE_id_48ed9e70_fk_myapp_employee_id` FOREIGN KEY (`EMPLOYEE_id`) REFERENCES `myapp_employee` (`id`)
) ENGINE=InnoDB AUTO_INCREMENT=2 DEFAULT CHARSET=utf8mb4 COLLATE=utf8mb4_general_ci;

/*Data for the table `myapp_zone` */

insert  into `myapp_zone`(`id`,`lattitude`,`longitude`,`date`,`EMPLOYEE_id`,`place`) values 
(1,'','','2024-03-26',21,'8X63+WV9	');

/*Table structure for table `myapp_zonechange` */

DROP TABLE IF EXISTS `myapp_zonechange`;

CREATE TABLE `myapp_zonechange` (
  `id` bigint(20) NOT NULL AUTO_INCREMENT,
  `lattitude` varchar(300) NOT NULL,
  `longitude` varchar(300) NOT NULL,
  `date` datetime(6) NOT NULL,
  `place` varchar(300) NOT NULL,
  `notification` varchar(300) NOT NULL,
  `EMPLOYEE_id` bigint(20) NOT NULL,
  PRIMARY KEY (`id`),
  KEY `myapp_zonechange_EMPLOYEE_id_f473695a_fk_myapp_employee_id` (`EMPLOYEE_id`),
  CONSTRAINT `myapp_zonechange_EMPLOYEE_id_f473695a_fk_myapp_employee_id` FOREIGN KEY (`EMPLOYEE_id`) REFERENCES `myapp_employee` (`id`)
) ENGINE=InnoDB AUTO_INCREMENT=484 DEFAULT CHARSET=utf8mb4 COLLATE=utf8mb4_general_ci;

/*Data for the table `myapp_zonechange` */

insert  into `myapp_zonechange`(`id`,`lattitude`,`longitude`,`date`,`place`,`notification`,`EMPLOYEE_id`) values 
(1,'75.9363443','11.3847515','2024-03-20 22:57:05.000000','9WPP+453','Zone changed',21),
(2,'75.9358372','11.3890518','2024-03-20 22:57:05.000000','9WPP+RJV','Zone changed',21),
(3,'75.9358372','11.3890518','2024-03-20 22:57:05.000000','9WPP+RJV','Zone changed',21),
(4,'75.9358372','11.3890518','2024-03-20 22:57:20.000000','9WPP+RJV','Zone changed',21),
(5,'75.9358372','11.3890518','2024-03-20 22:57:20.000000','9WPP+RJV','Zone changed',21),
(6,'75.9358372','11.3890518','2024-03-20 22:57:35.000000','9WPP+RJV','Zone changed',21),
(7,'75.9358372','11.3890518','2024-03-20 22:57:35.000000','9WPP+RJV','Zone changed',21),
(8,'75.9358372','11.3890518','2024-03-20 22:57:51.000000','9WPP+RJV','Zone changed',21),
(9,'75.9358372','11.3890518','2024-03-20 22:57:51.000000','9WPP+RJV','Zone changed',21),
(10,'75.9358372','11.3890518','2024-03-20 22:58:06.000000','9WPP+RJV','Zone changed',21),
(11,'75.9358372','11.3890518','2024-03-20 22:58:07.000000','9WPP+RJV','Zone changed',21),
(12,'75.9358369','11.3890507','2024-03-20 22:58:21.000000','9WPP+RJV','Zone changed',21),
(13,'75.9358369','11.3890507','2024-03-20 22:58:21.000000','9WPP+RJV','Zone changed',21),
(14,'75.9358369','11.3890507','2024-03-20 22:58:36.000000','9WPP+RJV','Zone changed',21),
(15,'75.9358369','11.3890507','2024-03-20 22:58:36.000000','9WPP+RJV','Zone changed',21),
(16,'75.9358369','11.3890507','2024-03-20 22:58:51.000000','9WPP+RJV','Zone changed',21),
(17,'75.9358369','11.3890507','2024-03-20 22:58:51.000000','9WPP+RJV','Zone changed',21),
(18,'75.9358369','11.3890507','2024-03-20 22:59:00.000000','9WPP+RJV','Zone changed',21),
(19,'75.9358369','11.3890507','2024-03-20 22:59:00.000000','9WPP+RJV','Zone changed',21),
(20,'75.9358369','11.3890507','2024-03-20 22:59:00.000000','9WPP+RJV','Zone changed',21),
(21,'75.9358369','11.3890507','2024-03-20 22:59:00.000000','9WPP+RJV','Zone changed',21),
(22,'75.9358369','11.3890507','2024-03-20 22:59:01.000000','9WPP+RJV','Zone changed',21),
(23,'75.9358369','11.3890507','2024-03-20 22:59:16.000000','9WPP+RJV','Zone changed',21),
(24,'75.9358369','11.3890507','2024-03-20 22:59:16.000000','9WPP+RJV','Zone changed',21),
(25,'75.9358369','11.3890507','2024-03-20 22:59:17.000000','9WPP+RJV','Zone changed',21),
(26,'75.9358369','11.3890507','2024-03-20 22:59:17.000000','9WPP+RJV','Zone changed',21),
(27,'75.9358369','11.3890507','2024-03-20 22:59:30.000000','9WPP+RJV','Zone changed',21),
(28,'75.9358369','11.3890507','2024-03-20 22:59:30.000000','9WPP+RJV','Zone changed',21),
(29,'75.9358369','11.3890507','2024-03-20 22:59:31.000000','9WPP+RJV','Zone changed',21),
(30,'75.9358369','11.3890507','2024-03-20 22:59:31.000000','9WPP+RJV','Zone changed',21),
(31,'75.9358369','11.3890507','2024-03-20 22:59:46.000000','9WPP+RJV','Zone changed',21),
(32,'75.9358369','11.3890507','2024-03-20 22:59:46.000000','9WPP+RJV','Zone changed',21),
(33,'75.9358369','11.3890507','2024-03-20 22:59:46.000000','9WPP+RJV','Zone changed',21),
(34,'75.9358369','11.3890507','2024-03-20 22:59:46.000000','9WPP+RJV','Zone changed',21),
(35,'75.9358369','11.3890507','2024-03-20 23:00:03.000000','9WPP+RJV','Zone changed',21),
(36,'75.9358365','11.3890502','2024-03-20 23:00:06.000000','9WPP+RJV','Zone changed',21),
(37,'75.9358365','11.3890502','2024-03-20 23:00:06.000000','9WPP+RJV','Zone changed',21),
(38,'75.9358365','11.3890502','2024-03-20 23:00:07.000000','9WPP+RJV','Zone changed',21),
(39,'75.9358365','11.3890502','2024-03-20 23:00:22.000000','9WPP+RJV','Zone changed',21),
(40,'75.9358365','11.3890502','2024-03-20 23:00:22.000000','9WPP+RJV','Zone changed',21),
(41,'75.9358365','11.3890502','2024-03-20 23:00:37.000000','9WPP+RJV','Zone changed',21),
(42,'75.9358365','11.3890502','2024-03-20 23:00:37.000000','9WPP+RJV','Zone changed',21),
(43,'75.9358365','11.3890502','2024-03-20 23:00:52.000000','9WPP+RJV','Zone changed',21),
(44,'75.9358365','11.3890502','2024-03-20 23:00:52.000000','9WPP+RJV','Zone changed',21),
(45,'75.9358365','11.3890502','2024-03-20 23:01:07.000000','9WPP+RJV','Zone changed',21),
(46,'75.9358365','11.3890502','2024-03-20 23:01:07.000000','9WPP+RJV','Zone changed',21),
(47,'75.9549902','11.3120484','2024-03-21 14:57:59.000000','8X64+Q3R','Zone changed',21),
(48,'75.9549902','11.3120484','2024-03-21 14:57:59.000000','8X64+Q3R','Zone changed',21),
(49,'75.9549902','11.3120484','2024-03-21 14:58:02.000000','8X64+Q3R','Zone changed',21),
(50,'75.9549902','11.3120484','2024-03-21 14:58:02.000000','8X64+Q3R','Zone changed',21),
(51,'75.9546199','11.3119919','2024-03-21 14:58:02.000000','8X63+WV9','Zone changed',21),
(52,'75.9546199','11.3119919','2024-03-21 14:58:02.000000','8X63+WV9','Zone changed',21),
(53,'75.9546199','11.3119919','2024-03-21 14:58:03.000000','8X63+WV9','Zone changed',21),
(54,'75.9546199','11.3119919','2024-03-21 14:58:03.000000','8X63+WV9','Zone changed',21),
(55,'75.9546199','11.3119919','2024-03-21 14:58:03.000000','8X63+WV9','Zone changed',21),
(56,'75.9546199','11.3119919','2024-03-21 14:58:03.000000','8X63+WV9','Zone changed',21),
(57,'75.9546199','11.3119919','2024-03-21 14:58:03.000000','8X63+WV9','Zone changed',21),
(58,'75.9546199','11.3119919','2024-03-21 14:58:05.000000','8X63+WV9','Zone changed',21),
(59,'75.9546199','11.3119919','2024-03-21 14:58:05.000000','8X63+WV9','Zone changed',21),
(60,'75.9546199','11.3119919','2024-03-21 14:58:14.000000','8X63+WV9','Zone changed',21),
(61,'75.9546199','11.3119919','2024-03-21 14:58:14.000000','8X63+WV9','Zone changed',21),
(62,'75.9546199','11.3119919','2024-03-21 14:58:17.000000','8X63+WV9','Zone changed',21),
(63,'75.9546199','11.3119919','2024-03-21 14:58:17.000000','8X63+WV9','Zone changed',21),
(64,'75.9546199','11.3119919','2024-03-21 14:58:17.000000','8X63+WV9','Zone changed',21),
(65,'75.9546199','11.3119919','2024-03-21 14:58:17.000000','8X63+WV9','Zone changed',21),
(66,'75.9546199','11.3119919','2024-03-21 14:58:17.000000','8X63+WV9','Zone changed',21),
(67,'75.9546199','11.3119919','2024-03-21 14:58:18.000000','8X63+WV9','Zone changed',21),
(68,'75.9546199','11.3119919','2024-03-21 14:58:18.000000','8X63+WV9','Zone changed',21),
(69,'75.9546199','11.3119919','2024-03-21 14:58:18.000000','8X63+WV9','Zone changed',21),
(70,'75.9546199','11.3119919','2024-03-21 14:58:18.000000','8X63+WV9','Zone changed',21),
(71,'75.9546199','11.3119919','2024-03-21 14:58:21.000000','8X63+WV9','Zone changed',21),
(72,'75.9546199','11.3119919','2024-03-21 14:58:21.000000','8X63+WV9','Zone changed',21),
(73,'75.9546199','11.3119919','2024-03-21 14:58:29.000000','8X63+WV9','Zone changed',21),
(74,'75.9546199','11.3119919','2024-03-21 14:58:29.000000','8X63+WV9','Zone changed',21),
(75,'75.9546199','11.3119919','2024-03-21 14:58:32.000000','8X63+WV9','Zone changed',21),
(76,'75.9546199','11.3119919','2024-03-21 14:58:32.000000','8X63+WV9','Zone changed',21),
(77,'75.9546199','11.3119919','2024-03-21 14:58:32.000000','8X63+WV9','Zone changed',21),
(78,'75.9546199','11.3119919','2024-03-21 14:58:32.000000','8X63+WV9','Zone changed',21),
(79,'75.9546199','11.3119919','2024-03-21 14:58:32.000000','8X63+WV9','Zone changed',21),
(80,'75.9546199','11.3119919','2024-03-21 14:58:32.000000','8X63+WV9','Zone changed',21),
(81,'75.9546199','11.3119919','2024-03-21 14:58:33.000000','8X63+WV9','Zone changed',21),
(82,'75.9546199','11.3119919','2024-03-21 14:58:33.000000','8X63+WV9','Zone changed',21),
(83,'75.9546199','11.3119919','2024-03-21 14:58:33.000000','8X63+WV9','Zone changed',21),
(84,'75.9546199','11.3119919','2024-03-21 14:58:33.000000','8X63+WV9','Zone changed',21),
(85,'75.9546199','11.3119919','2024-03-21 14:58:33.000000','8X63+WV9','Zone changed',21),
(86,'75.9546199','11.3119919','2024-03-21 14:58:36.000000','8X63+WV9','Zone changed',21),
(87,'75.9546199','11.3119919','2024-03-21 14:58:36.000000','8X63+WV9','Zone changed',21),
(88,'75.9546199','11.3119919','2024-03-21 14:58:44.000000','8X63+WV9','Zone changed',21),
(89,'75.9546199','11.3119919','2024-03-21 14:58:44.000000','8X63+WV9','Zone changed',21),
(90,'75.9546199','11.3119919','2024-03-21 14:58:47.000000','8X63+WV9','Zone changed',21),
(91,'75.9546199','11.3119919','2024-03-21 14:58:47.000000','8X63+WV9','Zone changed',21),
(92,'75.9546199','11.3119919','2024-03-21 14:58:48.000000','8X63+WV9','Zone changed',21),
(93,'75.9546199','11.3119919','2024-03-21 14:58:48.000000','8X63+WV9','Zone changed',21),
(94,'75.9546199','11.3119919','2024-03-21 14:58:48.000000','8X63+WV9','Zone changed',21),
(95,'75.9546199','11.3119919','2024-03-21 14:58:48.000000','8X63+WV9','Zone changed',21),
(96,'75.9546199','11.3119919','2024-03-21 14:58:48.000000','8X63+WV9','Zone changed',21),
(97,'75.9546199','11.3119919','2024-03-21 14:58:48.000000','8X63+WV9','Zone changed',21),
(98,'75.9546199','11.3119919','2024-03-21 14:58:48.000000','8X63+WV9','Zone changed',21),
(99,'75.9546199','11.3119919','2024-03-21 14:58:48.000000','8X63+WV9','Zone changed',21),
(100,'75.9546199','11.3119919','2024-03-21 14:58:48.000000','8X63+WV9','Zone changed',21),
(101,'75.9546199','11.3119919','2024-03-21 14:58:51.000000','8X63+WV9','Zone changed',21),
(102,'75.9546199','11.3119919','2024-03-21 14:58:51.000000','8X63+WV9','Zone changed',21),
(103,'75.9546199','11.3119919','2024-03-21 14:58:59.000000','8X63+WV9','Zone changed',21),
(104,'75.9546199','11.3119919','2024-03-21 14:58:59.000000','8X63+WV9','Zone changed',21),
(105,'75.9546199','11.3119919','2024-03-21 14:59:02.000000','8X63+WV9','Zone changed',21),
(106,'75.9546199','11.3119919','2024-03-21 14:59:02.000000','8X63+WV9','Zone changed',21),
(107,'75.9546199','11.3119919','2024-03-21 14:59:02.000000','8X63+WV9','Zone changed',21),
(108,'75.9546199','11.3119919','2024-03-21 14:59:02.000000','8X63+WV9','Zone changed',21),
(109,'75.9546199','11.3119919','2024-03-21 14:59:03.000000','8X63+WV9','Zone changed',21),
(110,'75.9546199','11.3119919','2024-03-21 14:59:03.000000','8X63+WV9','Zone changed',21),
(111,'75.9546199','11.3119919','2024-03-21 14:59:03.000000','8X63+WV9','Zone changed',21),
(112,'75.9549276','11.3121038','2024-03-21 14:59:03.000000','8X63+WV9','Zone changed',21),
(113,'75.9549276','11.3121038','2024-03-21 14:59:03.000000','8X63+WV9','Zone changed',21),
(114,'75.9549276','11.3121038','2024-03-21 14:59:03.000000','8X63+WV9','Zone changed',21),
(115,'75.9549276','11.3121038','2024-03-21 14:59:03.000000','8X63+WV9','Zone changed',21),
(116,'75.9549276','11.3121038','2024-03-21 14:59:06.000000','8X63+WV9','Zone changed',21),
(117,'75.9549276','11.3121038','2024-03-21 14:59:06.000000','8X63+WV9','Zone changed',21),
(118,'75.9549276','11.3121038','2024-03-21 14:59:14.000000','8X63+WV9','Zone changed',21),
(119,'75.9549276','11.3121038','2024-03-21 14:59:14.000000','8X63+WV9','Zone changed',21),
(120,'75.9549276','11.3121038','2024-03-21 15:00:29.000000','8X63+WV9','Zone changed',21),
(121,'75.9549276','11.3121038','2024-03-21 15:00:29.000000','8X63+WV9','Zone changed',21),
(122,'75.9549276','11.3121038','2024-03-21 15:00:29.000000','8X63+WV9','Zone changed',21),
(123,'75.9549276','11.3121038','2024-03-21 15:00:29.000000','8X63+WV9','Zone changed',21),
(124,'75.9549276','11.3121038','2024-03-21 15:00:30.000000','8X63+WV9','Zone changed',21),
(125,'75.9549276','11.3121038','2024-03-21 15:00:32.000000','8X63+WV9','Zone changed',21),
(126,'75.9549276','11.3121038','2024-03-21 15:00:33.000000','8X63+WV9','Zone changed',21),
(127,'75.9549276','11.3121038','2024-03-21 15:00:33.000000','8X63+WV9','Zone changed',21),
(128,'75.9549276','11.3121038','2024-03-21 15:00:33.000000','8X63+WV9','Zone changed',21),
(129,'75.9549276','11.3121038','2024-03-21 15:00:33.000000','8X63+WV9','Zone changed',21),
(130,'75.9549276','11.3121038','2024-03-21 15:00:33.000000','8X63+WV9','Zone changed',21),
(131,'75.9549276','11.3121038','2024-03-21 15:00:33.000000','8X63+WV9','Zone changed',21),
(132,'75.9549276','11.3121038','2024-03-21 15:00:33.000000','8X63+WV9','Zone changed',21),
(133,'75.9549276','11.3121038','2024-03-21 15:00:33.000000','8X63+WV9','Zone changed',21),
(134,'75.9549276','11.3121038','2024-03-21 15:00:34.000000','8X63+WV9','Zone changed',21),
(135,'75.9549276','11.3121038','2024-03-21 15:00:34.000000','8X63+WV9','Zone changed',21),
(136,'75.9549276','11.3121038','2024-03-21 15:00:34.000000','8X63+WV9','Zone changed',21),
(137,'75.965374','11.3110796','2024-03-21 15:00:36.000000','8X67+9RR','Zone changed',21),
(138,'75.965374','11.3110796','2024-03-21 15:00:36.000000','8X67+9RR','Zone changed',21),
(139,'75.965374','11.3110796','2024-03-21 15:00:43.000000','8X67+9RR','Zone changed',21),
(140,'75.965374','11.3110796','2024-03-21 15:00:44.000000','8X67+9RR','Zone changed',21),
(141,'75.965374','11.3110796','2024-03-21 15:00:44.000000','8X67+9RR','Zone changed',21),
(142,'75.965374','11.3110796','2024-03-21 15:00:45.000000','8X67+9RR','Zone changed',21),
(143,'75.965374','11.3110796','2024-03-21 15:00:45.000000','8X67+9RR','Zone changed',21),
(144,'75.965374','11.3110796','2024-03-21 15:00:47.000000','8X67+9RR','Zone changed',21),
(145,'75.965374','11.3110796','2024-03-21 15:00:47.000000','8X67+9RR','Zone changed',21),
(146,'75.965374','11.3110796','2024-03-21 15:00:47.000000','8X67+9RR','Zone changed',21),
(147,'75.965374','11.3110796','2024-03-21 15:00:47.000000','8X67+9RR','Zone changed',21),
(148,'75.965374','11.3110796','2024-03-21 15:00:48.000000','8X67+9RR','Zone changed',21),
(149,'75.965374','11.3110796','2024-03-21 15:00:48.000000','8X67+9RR','Zone changed',21),
(150,'75.965374','11.3110796','2024-03-21 15:00:48.000000','8X67+9RR','Zone changed',21),
(151,'75.965374','11.3110796','2024-03-21 15:00:48.000000','8X67+9RR','Zone changed',21),
(152,'75.965374','11.3110796','2024-03-21 15:00:48.000000','8X67+9RR','Zone changed',21),
(153,'75.965374','11.3110796','2024-03-21 15:00:49.000000','8X67+9RR','Zone changed',21),
(154,'75.965374','11.3110796','2024-03-21 15:00:49.000000','8X67+9RR','Zone changed',21),
(155,'75.965374','11.3110796','2024-03-21 15:00:49.000000','8X67+9RR','Zone changed',21),
(156,'75.965374','11.3110796','2024-03-21 15:00:51.000000','8X67+9RR','Zone changed',21),
(157,'75.965374','11.3110796','2024-03-21 15:00:51.000000','8X67+9RR','Zone changed',21),
(158,'75.965374','11.3110796','2024-03-21 15:00:58.000000','8X67+9RR','Zone changed',21),
(159,'75.965374','11.3110796','2024-03-21 15:00:59.000000','8X67+9RR','Zone changed',21),
(160,'75.965374','11.3110796','2024-03-21 15:00:59.000000','8X67+9RR','Zone changed',21),
(161,'75.965374','11.3110796','2024-03-21 15:01:00.000000','8X67+9RR','Zone changed',21),
(162,'75.965374','11.3110796','2024-03-21 15:01:00.000000','8X67+9RR','Zone changed',21),
(163,'75.965374','11.3110796','2024-03-21 15:01:02.000000','8X67+9RR','Zone changed',21),
(164,'75.965374','11.3110796','2024-03-21 15:01:02.000000','8X67+9RR','Zone changed',21),
(165,'75.965374','11.3110796','2024-03-21 15:01:03.000000','8X67+9RR','Zone changed',21),
(166,'75.965374','11.3110796','2024-03-21 15:01:03.000000','8X67+9RR','Zone changed',21),
(167,'75.965374','11.3110796','2024-03-21 15:01:03.000000','8X67+9RR','Zone changed',21),
(168,'75.965374','11.3110796','2024-03-21 15:01:03.000000','8X67+9RR','Zone changed',21),
(169,'75.965374','11.3110796','2024-03-21 15:01:03.000000','8X67+9RR','Zone changed',21),
(170,'75.965374','11.3110796','2024-03-21 15:01:03.000000','8X67+9RR','Zone changed',21),
(171,'75.965374','11.3110796','2024-03-21 15:01:03.000000','8X67+9RR','Zone changed',21),
(172,'75.965374','11.3110796','2024-03-21 15:01:04.000000','8X67+9RR','Zone changed',21),
(173,'75.965374','11.3110796','2024-03-21 15:01:04.000000','8X67+9RR','Zone changed',21),
(174,'75.965374','11.3110796','2024-03-21 15:01:04.000000','8X67+9RR','Zone changed',21),
(175,'75.965374','11.3110796','2024-03-21 15:01:07.000000','8X67+9RR','Zone changed',21),
(176,'75.965374','11.3110796','2024-03-21 15:01:07.000000','8X67+9RR','Zone changed',21),
(177,'75.965374','11.3110796','2024-03-21 15:01:14.000000','8X67+9RR','Zone changed',21),
(178,'75.965374','11.3110796','2024-03-21 15:01:14.000000','8X67+9RR','Zone changed',21),
(179,'75.965374','11.3110796','2024-03-21 15:01:14.000000','8X67+9RR','Zone changed',21),
(180,'75.965374','11.3110796','2024-03-21 15:01:15.000000','8X67+9RR','Zone changed',21),
(181,'75.965374','11.3110796','2024-03-21 15:01:15.000000','8X67+9RR','Zone changed',21),
(182,'75.965374','11.3110796','2024-03-21 15:01:17.000000','8X67+9RR','Zone changed',21),
(183,'75.965374','11.3110796','2024-03-21 15:01:17.000000','8X67+9RR','Zone changed',21),
(184,'75.965374','11.3110796','2024-03-21 15:01:18.000000','8X67+9RR','Zone changed',21),
(185,'75.965374','11.3110796','2024-03-21 15:01:18.000000','8X67+9RR','Zone changed',21),
(186,'75.965374','11.3110796','2024-03-21 15:01:18.000000','8X67+9RR','Zone changed',21),
(187,'75.965374','11.3110796','2024-03-21 15:01:18.000000','8X67+9RR','Zone changed',21),
(188,'75.965374','11.3110796','2024-03-21 15:01:18.000000','8X67+9RR','Zone changed',21),
(189,'75.965374','11.3110796','2024-03-21 15:01:18.000000','8X67+9RR','Zone changed',21),
(190,'75.965374','11.3110796','2024-03-21 15:01:18.000000','8X67+9RR','Zone changed',21),
(191,'75.965374','11.3110796','2024-03-21 15:01:19.000000','8X67+9RR','Zone changed',21),
(192,'75.965374','11.3110796','2024-03-21 15:01:19.000000','8X67+9RR','Zone changed',21),
(193,'75.965374','11.3110796','2024-03-21 15:01:19.000000','8X67+9RR','Zone changed',21),
(194,'75.965374','11.3110796','2024-03-21 15:01:21.000000','8X67+9RR','Zone changed',21),
(195,'75.965374','11.3110796','2024-03-21 15:01:21.000000','8X67+9RR','Zone changed',21),
(196,'75.965374','11.3110796','2024-03-21 15:01:29.000000','8X67+9RR','Zone changed',21),
(197,'75.965374','11.3110796','2024-03-21 15:01:29.000000','8X67+9RR','Zone changed',21),
(198,'75.965374','11.3110796','2024-03-21 15:01:29.000000','8X67+9RR','Zone changed',21),
(199,'75.965374','11.3110796','2024-03-21 15:01:30.000000','8X67+9RR','Zone changed',21),
(200,'75.965374','11.3110796','2024-03-21 15:01:30.000000','8X67+9RR','Zone changed',21),
(201,'75.965374','11.3110796','2024-03-21 15:01:32.000000','8X67+9RR','Zone changed',21),
(202,'75.965374','11.3110796','2024-03-21 15:01:32.000000','8X67+9RR','Zone changed',21),
(203,'75.965374','11.3110796','2024-03-21 15:01:33.000000','8X67+9RR','Zone changed',21),
(204,'75.965374','11.3110796','2024-03-21 15:01:33.000000','8X67+9RR','Zone changed',21),
(205,'75.965374','11.3110796','2024-03-21 15:01:33.000000','8X67+9RR','Zone changed',21),
(206,'75.965374','11.3110796','2024-03-21 15:01:33.000000','8X67+9RR','Zone changed',21),
(207,'75.965374','11.3110796','2024-03-21 15:01:33.000000','8X67+9RR','Zone changed',21),
(208,'75.965374','11.3110796','2024-03-21 15:01:33.000000','8X67+9RR','Zone changed',21),
(209,'75.965374','11.3110796','2024-03-21 15:01:33.000000','8X67+9RR','Zone changed',21),
(210,'75.965374','11.3110796','2024-03-21 15:01:34.000000','8X67+9RR','Zone changed',21),
(211,'75.965374','11.3110796','2024-03-21 15:01:34.000000','8X67+9RR','Zone changed',21),
(212,'75.965374','11.3110796','2024-03-21 15:01:34.000000','8X67+9RR','Zone changed',21),
(213,'75.965374','11.3110796','2024-03-21 15:03:57.000000','8X67+9RR','Zone changed',21),
(214,'75.965374','11.3110796','2024-03-21 15:03:57.000000','8X67+9RR','Zone changed',21),
(215,'75.965374','11.3110796','2024-03-21 15:03:57.000000','8X67+9RR','Zone changed',21),
(216,'75.965374','11.3110796','2024-03-21 15:03:57.000000','8X67+9RR','Zone changed',21),
(217,'75.965374','11.3110796','2024-03-21 15:04:13.000000','8X67+9RR','Zone changed',21),
(218,'75.965374','11.3110796','2024-03-21 15:04:13.000000','8X67+9RR','Zone changed',21),
(219,'75.965374','11.3110796','2024-03-21 15:04:13.000000','8X67+9RR','Zone changed',21),
(220,'75.965374','11.3110796','2024-03-21 15:04:27.000000','8X67+9RR','Zone changed',21),
(221,'75.965374','11.3110796','2024-03-21 15:04:27.000000','8X67+9RR','Zone changed',21),
(222,'75.965374','11.3110796','2024-03-21 15:04:27.000000','8X67+9RR','Zone changed',21),
(223,'75.965374','11.3110796','2024-03-21 15:04:43.000000','8X67+9RR','Zone changed',21),
(224,'75.965374','11.3110796','2024-03-21 15:04:43.000000','8X67+9RR','Zone changed',21),
(225,'75.965374','11.3110796','2024-03-21 15:04:43.000000','8X67+9RR','Zone changed',21),
(226,'75.965374','11.3110796','2024-03-21 15:04:57.000000','8X67+9RR','Zone changed',21),
(227,'75.965374','11.3110796','2024-03-21 15:04:58.000000','8X67+9RR','Zone changed',21),
(228,'75.965374','11.3110796','2024-03-21 15:04:58.000000','8X67+9RR','Zone changed',21),
(229,'75.965374','11.3110796','2024-03-21 15:05:13.000000','8X67+9RR','Zone changed',21),
(230,'75.965374','11.3110796','2024-03-21 15:05:13.000000','8X67+9RR','Zone changed',21),
(231,'75.965374','11.3110796','2024-03-21 15:05:13.000000','8X67+9RR','Zone changed',21),
(232,'75.965374','11.3110796','2024-03-21 15:05:28.000000','8X67+9RR','Zone changed',21),
(233,'75.965374','11.3110796','2024-03-21 15:05:28.000000','8X67+9RR','Zone changed',21),
(234,'75.7845671','11.2584518','2024-03-24 10:59:08.000000','7Q5M+9WW','Zone changed',21),
(235,'75.7845671','11.2584518','2024-03-24 10:59:08.000000','7Q5M+9WW','Zone changed',21),
(236,'75.7845671','11.2584518','2024-03-24 10:59:08.000000','7Q5M+9WW','Zone changed',21),
(237,'75.7845671','11.2584518','2024-03-24 10:59:10.000000','7Q5M+9WW','Zone changed',21),
(238,'75.7845671','11.2584518','2024-03-24 10:59:12.000000','7Q5M+9WW','Zone changed',21),
(239,'75.7845671','11.2584518','2024-03-24 10:59:12.000000','7Q5M+9WW','Zone changed',21),
(240,'75.7845671','11.2584518','2024-03-24 10:59:22.000000','7Q5M+9WW','Zone changed',21),
(241,'75.7845671','11.2584518','2024-03-24 10:59:22.000000','7Q5M+9WW','Zone changed',21),
(242,'75.7845671','11.2584518','2024-03-24 10:59:23.000000','7Q5M+9WW','Zone changed',21),
(243,'75.7845671','11.2584518','2024-03-24 10:59:26.000000','7Q5M+9WW','Zone changed',21),
(244,'75.7845671','11.2584518','2024-03-24 10:59:27.000000','7Q5M+9WW','Zone changed',21),
(245,'75.7845671','11.2584518','2024-03-24 10:59:27.000000','7Q5M+9WW','Zone changed',21),
(246,'75.7845671','11.2584518','2024-03-24 10:59:38.000000','7Q5M+9WW','Zone changed',21),
(247,'75.7845671','11.2584518','2024-03-24 10:59:38.000000','7Q5M+9WW','Zone changed',21),
(248,'75.7845671','11.2584518','2024-03-24 10:59:38.000000','7Q5M+9WW','Zone changed',21),
(249,'75.7845671','11.2584518','2024-03-24 10:59:41.000000','7Q5M+9WW','Zone changed',21),
(250,'75.7845671','11.2584518','2024-03-24 10:59:42.000000','7Q5M+9WW','Zone changed',21),
(251,'75.7845671','11.2584518','2024-03-24 10:59:42.000000','7Q5M+9WW','Zone changed',21),
(252,'75.7845671','11.2584518','2024-03-24 11:00:11.000000','7Q5M+9WW','Zone changed',21),
(253,'75.7839552','11.2589319','2024-03-24 11:03:04.000000','7Q5M+GHV','Zone changed',21),
(254,'75.7839552','11.2589319','2024-03-24 11:03:04.000000','7Q5M+GHV','Zone changed',21),
(255,'75.7839552','11.2589319','2024-03-24 11:03:04.000000','7Q5M+GHV','Zone changed',21),
(256,'75.7839552','11.2589319','2024-03-24 11:03:19.000000','7Q5M+GHV','Zone changed',21),
(257,'75.7839552','11.2589319','2024-03-24 11:03:19.000000','7Q5M+GHV','Zone changed',21),
(258,'75.7839552','11.2589319','2024-03-24 11:03:34.000000','7Q5M+GHV','Zone changed',21),
(259,'75.7839552','11.2589319','2024-03-24 11:03:34.000000','7Q5M+GHV','Zone changed',21),
(260,'75.7839552','11.2589319','2024-03-24 11:03:49.000000','7Q5M+GHV','Zone changed',21),
(261,'75.7839552','11.2589319','2024-03-24 11:03:49.000000','7Q5M+GHV','Zone changed',21),
(262,'75.7839552','11.2589319','2024-03-24 11:04:04.000000','7Q5M+GHV','Zone changed',21),
(263,'75.7839552','11.2589319','2024-03-24 11:04:04.000000','7Q5M+GHV','Zone changed',21),
(271,'75.7839504','11.2589365','2024-03-24 11:05:05.000000','7Q5M+GHV','Zone changed',21),
(272,'75.7839504','11.2589365','2024-03-24 11:05:20.000000','7Q5M+GHV','Zone changed',21),
(273,'75.7839504','11.2589365','2024-03-24 11:05:20.000000','7Q5M+GHV','Zone changed',21),
(274,'75.7839504','11.2589365','2024-03-24 11:05:35.000000','7Q5M+GHV','Zone changed',21),
(275,'75.7839504','11.2589365','2024-03-24 11:05:35.000000','7Q5M+GHV','Zone changed',21),
(276,'75.7839504','11.2589365','2024-03-24 11:05:50.000000','7Q5M+GHV','Zone changed',21),
(277,'75.7839504','11.2589365','2024-03-24 11:05:50.000000','7Q5M+GHV','Zone changed',21),
(278,'75.7839538','11.258927','2024-03-24 11:06:05.000000','7Q5M+GHV','Zone changed',21),
(279,'75.7839538','11.258927','2024-03-24 11:06:05.000000','7Q5M+GHV','Zone changed',21),
(280,'75.7839538','11.258927','2024-03-24 11:06:20.000000','7Q5M+GHV','Zone changed',21),
(281,'75.7839538','11.258927','2024-03-24 11:06:20.000000','7Q5M+GHV','Zone changed',21),
(282,'75.7839538','11.258927','2024-03-24 11:06:35.000000','7Q5M+GHV','Zone changed',21),
(283,'75.7839538','11.258927','2024-03-24 11:06:35.000000','7Q5M+GHV','Zone changed',21),
(284,'75.7839538','11.258927','2024-03-24 11:06:51.000000','7Q5M+GHV','Zone changed',21),
(285,'75.7839538','11.258927','2024-03-24 11:06:51.000000','7Q5M+GHV','Zone changed',21),
(286,'75.7839538','11.258927','2024-03-24 11:06:58.000000','7Q5M+GHV','Zone changed',21),
(287,'75.7839538','11.258927','2024-03-24 11:07:06.000000','7Q5M+GHV','Zone changed',21),
(288,'75.7839538','11.258927','2024-03-24 11:07:06.000000','7Q5M+GHV','Zone changed',21),
(289,'75.7839538','11.258927','2024-03-24 11:07:13.000000','7Q5M+GHV','Zone changed',21),
(290,'75.7839538','11.258927','2024-03-24 11:07:21.000000','7Q5M+GHV','Zone changed',21),
(291,'75.7839538','11.258927','2024-03-24 11:07:21.000000','7Q5M+GHV','Zone changed',21),
(292,'75.7839538','11.258927','2024-03-24 11:07:28.000000','7Q5M+GHV','Zone changed',21),
(293,'75.7839538','11.258927','2024-03-24 11:07:36.000000','7Q5M+GHV','Zone changed',21),
(294,'75.7839538','11.258927','2024-03-24 11:07:36.000000','7Q5M+GHV','Zone changed',21),
(295,'75.7839538','11.258927','2024-03-24 11:07:43.000000','7Q5M+GHV','Zone changed',21),
(296,'75.7839538','11.258927','2024-03-24 11:07:51.000000','7Q5M+GHV','Zone changed',21),
(297,'75.7839538','11.258927','2024-03-24 11:07:51.000000','7Q5M+GHV','Zone changed',21),
(298,'75.7839538','11.258927','2024-03-24 11:07:58.000000','7Q5M+GHV','Zone changed',21),
(299,'75.9660996','11.3121521','2024-03-25 10:39:00.000000','Mukkam Road','Zone changed',21),
(300,'75.9660996','11.3121521','2024-03-25 10:39:00.000000','Mukkam Road','Zone changed',21),
(301,'75.9660996','11.3121521','2024-03-25 10:39:00.000000','Mukkam Road','Zone changed',21),
(302,'75.9660996','11.3121521','2024-03-25 10:39:00.000000','Mukkam Road','Zone changed',21),
(303,'75.9543327','11.3118166','2024-03-25 10:39:14.000000','8X63+VP6','Zone changed',21),
(304,'75.9543327','11.3118166','2024-03-25 10:39:15.000000','8X63+VP6','Zone changed',21),
(305,'75.9543327','11.3118166','2024-03-25 10:39:15.000000','8X63+VP6','Zone changed',21),
(306,'75.9543327','11.3118166','2024-03-25 10:39:30.000000','8X63+VP6','Zone changed',21),
(307,'75.9543327','11.3118166','2024-03-25 10:39:30.000000','8X63+VP6','Zone changed',21),
(308,'75.9543327','11.3118166','2024-03-25 10:39:30.000000','8X63+VP6','Zone changed',21),
(309,'75.9543327','11.3118166','2024-03-25 10:39:45.000000','8X63+VP6','Zone changed',21),
(310,'75.9543327','11.3118166','2024-03-25 10:39:45.000000','8X63+VP6','Zone changed',21),
(311,'75.9543327','11.3118166','2024-03-25 10:39:45.000000','8X63+VP6','Zone changed',21),
(312,'75.9543327','11.3118166','2024-03-25 10:40:00.000000','8X63+VP6','Zone changed',21),
(313,'75.9543327','11.3118166','2024-03-25 10:40:00.000000','8X63+VP6','Zone changed',21),
(314,'75.9543327','11.3118166','2024-03-25 10:40:00.000000','8X63+VP6','Zone changed',21),
(315,'75.9543327','11.3118166','2024-03-25 10:40:15.000000','8X63+VP6','Zone changed',21),
(316,'75.9543327','11.3118166','2024-03-25 10:40:15.000000','8X63+VP6','Zone changed',21),
(317,'75.9543327','11.3118166','2024-03-25 10:40:15.000000','8X63+VP6','Zone changed',21),
(318,'75.9543327','11.3118166','2024-03-25 10:40:30.000000','8X63+VP6','Zone changed',21),
(319,'75.9543327','11.3118166','2024-03-25 10:40:30.000000','8X63+VP6','Zone changed',21),
(320,'75.9543327','11.3118166','2024-03-25 10:40:30.000000','8X63+VP6','Zone changed',21),
(321,'75.9542495','11.3117816','2024-03-25 10:40:59.000000','8X63+VP6','Zone changed',21),
(322,'75.9542495','11.3117816','2024-03-25 10:40:59.000000','8X63+VP6','Zone changed',21),
(323,'75.9542495','11.3117816','2024-03-25 10:40:59.000000','8X63+VP6','Zone changed',21),
(324,'75.9542495','11.3117816','2024-03-25 10:41:14.000000','8X63+VP6','Zone changed',21),
(325,'75.9542495','11.3117816','2024-03-25 10:41:14.000000','8X63+VP6','Zone changed',21),
(326,'75.9542495','11.3117816','2024-03-25 10:41:29.000000','8X63+VP6','Zone changed',21),
(327,'75.9542495','11.3117816','2024-03-25 10:41:29.000000','8X63+VP6','Zone changed',21),
(328,'75.9542495','11.3117816','2024-03-25 10:41:44.000000','8X63+VP6','Zone changed',21),
(329,'75.9542495','11.3117816','2024-03-25 10:41:44.000000','8X63+VP6','Zone changed',21),
(330,'75.9542495','11.3117816','2024-03-25 10:41:59.000000','8X63+VP6','Zone changed',21),
(331,'75.9542495','11.3117816','2024-03-25 10:41:59.000000','8X63+VP6','Zone changed',21),
(332,'75.9542975','11.3118088','2024-03-25 11:06:00.000000','8X63+VP6','Zone changed',21),
(333,'75.9542975','11.3118088','2024-03-25 11:06:00.000000','8X63+VP6','Zone changed',21),
(334,'75.9542975','11.3118088','2024-03-25 11:06:00.000000','8X63+VP6','Zone changed',21),
(335,'75.9542975','11.3118088','2024-03-25 11:06:15.000000','8X63+VP6','Zone changed',21),
(336,'75.9542975','11.3118088','2024-03-25 11:06:15.000000','8X63+VP6','Zone changed',21),
(337,'75.9542975','11.3118088','2024-03-25 11:06:30.000000','8X63+VP6','Zone changed',21),
(338,'75.9542975','11.3118088','2024-03-25 11:06:30.000000','8X63+VP6','Zone changed',21),
(339,'75.9542975','11.3118088','2024-03-25 11:06:45.000000','8X63+VP6','Zone changed',21),
(340,'75.9542975','11.3118088','2024-03-25 11:06:45.000000','8X63+VP6','Zone changed',21),
(341,'75.9545012','11.3119164','2024-03-25 11:07:01.000000','8X63+VP6','Zone changed',21),
(342,'75.9545012','11.3119164','2024-03-25 11:07:01.000000','8X63+VP6','Zone changed',21),
(343,'75.9545012','11.3119164','2024-03-25 11:07:16.000000','8X63+VP6','Zone changed',21),
(344,'75.9545012','11.3119164','2024-03-25 11:07:16.000000','8X63+VP6','Zone changed',21),
(345,'75.9545012','11.3119164','2024-03-25 11:07:31.000000','8X63+VP6','Zone changed',21),
(346,'75.9545012','11.3119164','2024-03-25 11:07:31.000000','8X63+VP6','Zone changed',21),
(347,'75.9545012','11.3119164','2024-03-25 11:07:46.000000','8X63+VP6','Zone changed',21),
(348,'75.9545012','11.3119164','2024-03-25 11:07:46.000000','8X63+VP6','Zone changed',21),
(349,'75.9543305','11.3118356','2024-03-25 11:08:01.000000','8X63+VP6','Zone changed',21),
(350,'75.9543305','11.3118356','2024-03-25 11:08:01.000000','8X63+VP6','Zone changed',21),
(351,'75.9543305','11.3118356','2024-03-25 11:08:16.000000','8X63+VP6','Zone changed',21),
(352,'75.9543305','11.3118356','2024-03-25 11:08:16.000000','8X63+VP6','Zone changed',21),
(353,'75.9543305','11.3118356','2024-03-25 11:08:31.000000','8X63+VP6','Zone changed',21),
(354,'75.9543305','11.3118356','2024-03-25 11:08:31.000000','8X63+VP6','Zone changed',21),
(355,'75.9543305','11.3118356','2024-03-25 11:08:46.000000','8X63+VP6','Zone changed',21),
(356,'75.9543305','11.3118356','2024-03-25 11:08:46.000000','8X63+VP6','Zone changed',21),
(357,'75.9544493','11.3118538','2024-03-25 11:09:02.000000','8X63+VP6','Zone changed',21),
(358,'75.9544493','11.3118538','2024-03-25 11:09:02.000000','8X63+VP6','Zone changed',21),
(359,'75.9544493','11.3118538','2024-03-25 11:09:17.000000','8X63+VP6','Zone changed',21),
(360,'75.9544493','11.3118538','2024-03-25 11:09:17.000000','8X63+VP6','Zone changed',21),
(361,'75.9544493','11.3118538','2024-03-25 11:09:32.000000','8X63+VP6','Zone changed',21),
(362,'75.9544493','11.3118538','2024-03-25 11:09:32.000000','8X63+VP6','Zone changed',21),
(363,'75.9544493','11.3118538','2024-03-25 11:09:47.000000','8X63+VP6','Zone changed',21),
(364,'75.9544493','11.3118538','2024-03-25 11:09:47.000000','8X63+VP6','Zone changed',21),
(365,'75.9543633','11.3118573','2024-03-25 11:10:03.000000','8X63+VP6','Zone changed',21),
(366,'75.9543633','11.3118573','2024-03-25 11:10:03.000000','8X63+VP6','Zone changed',21),
(367,'75.9543633','11.3118573','2024-03-25 11:10:18.000000','8X63+VP6','Zone changed',21),
(368,'75.9543633','11.3118573','2024-03-25 11:10:18.000000','8X63+VP6','Zone changed',21),
(369,'75.9543633','11.3118573','2024-03-25 11:10:33.000000','8X63+VP6','Zone changed',21),
(370,'75.9543633','11.3118573','2024-03-25 11:10:33.000000','8X63+VP6','Zone changed',21),
(371,'75.9543633','11.3118573','2024-03-25 11:10:48.000000','8X63+VP6','Zone changed',21),
(372,'75.9543633','11.3118573','2024-03-25 11:10:48.000000','8X63+VP6','Zone changed',21),
(373,'75.9548995','11.3120822','2024-03-25 11:11:04.000000','8X64+Q3R','Zone changed',21),
(374,'75.9548995','11.3120822','2024-03-25 11:11:04.000000','8X64+Q3R','Zone changed',21),
(375,'75.9548995','11.3120822','2024-03-25 11:11:19.000000','8X64+Q3R','Zone changed',21),
(376,'75.9548995','11.3120822','2024-03-25 11:11:19.000000','8X64+Q3R','Zone changed',21),
(377,'75.9548995','11.3120822','2024-03-25 11:11:34.000000','8X64+Q3R','Zone changed',21),
(378,'75.9548995','11.3120822','2024-03-25 11:11:34.000000','8X64+Q3R','Zone changed',21),
(379,'75.9548995','11.3120822','2024-03-25 11:11:49.000000','8X64+Q3R','Zone changed',21),
(380,'75.9548995','11.3120822','2024-03-25 11:11:49.000000','8X64+Q3R','Zone changed',21),
(381,'75.9549306','11.3121043','2024-03-25 11:12:07.000000','8X63+WV9','Zone changed',21),
(382,'75.9549306','11.3121043','2024-03-25 11:12:07.000000','8X63+WV9','Zone changed',21),
(383,'75.9549306','11.3121043','2024-03-25 11:12:22.000000','8X63+WV9','Zone changed',21),
(384,'75.9549306','11.3121043','2024-03-25 11:12:22.000000','8X63+WV9','Zone changed',21),
(385,'75.9549306','11.3121043','2024-03-25 11:12:37.000000','8X63+WV9','Zone changed',21),
(386,'75.9549306','11.3121043','2024-03-25 11:12:37.000000','8X63+WV9','Zone changed',21),
(387,'75.9549306','11.3121043','2024-03-25 11:13:01.000000','8X63+WV9','Zone changed',21),
(388,'75.9549306','11.3121043','2024-03-25 11:13:01.000000','8X63+WV9','Zone changed',21),
(389,'75.9544886','11.3105561','2024-03-26 09:22:32.000000','8X63+6RM','Zone changed',21),
(390,'75.9544886','11.3105561','2024-03-26 09:22:32.000000','8X63+6RM','Zone changed',21),
(391,'75.9544886','11.3105561','2024-03-26 09:22:32.000000','8X63+6RM','Zone changed',21),
(392,'75.9544886','11.3105561','2024-03-26 09:22:48.000000','8X63+6RM','Zone changed',21),
(393,'75.9544886','11.3105561','2024-03-26 09:22:48.000000','8X63+6RM','Zone changed',21),
(394,'75.9544886','11.3105561','2024-03-26 09:23:03.000000','8X63+6RM','Zone changed',21),
(395,'75.9544886','11.3105561','2024-03-26 09:23:03.000000','8X63+6RM','Zone changed',21),
(396,'75.9544886','11.3105561','2024-03-26 09:23:18.000000','8X63+6RM','Zone changed',21),
(397,'75.9544886','11.3105561','2024-03-26 09:23:18.000000','8X63+6RM','Zone changed',21),
(398,'75.9544886','11.3105561','2024-03-26 09:23:33.000000','8X63+6RM','Zone changed',21),
(399,'75.9544886','11.3105561','2024-03-26 09:23:33.000000','8X63+6RM','Zone changed',21),
(400,'75.9547925','11.3119756','2024-03-26 09:25:38.000000','8X63+WV9','Zone changed',21),
(401,'75.9547925','11.3119756','2024-03-26 09:25:38.000000','8X63+WV9','Zone changed',21),
(402,'75.9547925','11.3119756','2024-03-26 09:25:39.000000','8X63+WV9','Zone changed',21),
(403,'75.9547925','11.3119756','2024-03-26 09:25:40.000000','8X63+WV9','Zone changed',21),
(404,'75.9547925','11.3119756','2024-03-26 09:25:53.000000','8X63+WV9','Zone changed',21),
(405,'75.9547925','11.3119756','2024-03-26 09:25:54.000000','8X63+WV9','Zone changed',21),
(406,'75.9547925','11.3119756','2024-03-26 09:25:55.000000','8X63+WV9','Zone changed',21),
(407,'75.9547925','11.3119756','2024-03-26 09:26:09.000000','8X63+WV9','Zone changed',21),
(408,'75.9547925','11.3119756','2024-03-26 09:26:09.000000','8X63+WV9','Zone changed',21),
(409,'75.9547925','11.3119756','2024-03-26 09:26:10.000000','8X63+WV9','Zone changed',21),
(410,'75.9547925','11.3119756','2024-03-26 09:26:24.000000','8X63+WV9','Zone changed',21),
(411,'75.9547925','11.3119756','2024-03-26 09:26:24.000000','8X63+WV9','Zone changed',21),
(412,'75.9547925','11.3119756','2024-03-26 09:26:25.000000','8X63+WV9','Zone changed',21),
(413,'75.9547925','11.3119756','2024-03-26 09:26:39.000000','8X63+WV9','Zone changed',21),
(414,'75.9547925','11.3119756','2024-03-26 09:26:39.000000','8X63+WV9','Zone changed',21),
(415,'75.9547925','11.3119756','2024-03-26 09:26:40.000000','8X63+WV9','Zone changed',21),
(416,'75.9547925','11.3119756','2024-03-26 09:26:54.000000','8X63+WV9','Zone changed',21),
(417,'75.9547925','11.3119756','2024-03-26 09:26:54.000000','8X63+WV9','Zone changed',21),
(418,'75.9547925','11.3119756','2024-03-26 09:26:55.000000','8X63+WV9','Zone changed',21),
(419,'75.9547925','11.3119756','2024-03-26 09:27:18.000000','8X63+WV9','Zone changed',21),
(420,'75.9547925','11.3119756','2024-03-26 09:27:18.000000','8X63+WV9','Zone changed',21),
(421,'75.9547925','11.3119756','2024-03-26 09:27:18.000000','8X63+WV9','Zone changed',21),
(422,'75.9547925','11.3119756','2024-03-26 09:27:18.000000','8X63+WV9','Zone changed',21),
(423,'75.9549392','11.3104233','2024-03-26 09:27:34.000000','8X63+FMQ','Zone changed',21),
(424,'75.9549392','11.3104233','2024-03-26 09:27:34.000000','8X63+FMQ','Zone changed',21),
(425,'75.9549392','11.3104233','2024-03-26 09:27:34.000000','8X63+FMQ','Zone changed',21),
(426,'75.9549392','11.3104233','2024-03-26 09:27:49.000000','8X63+FMQ','Zone changed',21),
(427,'75.9549392','11.3104233','2024-03-26 09:27:49.000000','8X63+FMQ','Zone changed',21),
(428,'75.9549392','11.3104233','2024-03-26 09:27:49.000000','8X63+FMQ','Zone changed',21),
(429,'75.9549392','11.3104233','2024-03-26 09:28:10.000000','8X63+FMQ','Zone changed',21),
(430,'75.9549392','11.3104233','2024-03-26 09:28:10.000000','8X63+FMQ','Zone changed',21),
(431,'75.9549392','11.3104233','2024-03-26 09:28:10.000000','8X63+FMQ','Zone changed',21),
(432,'75.9549392','11.3104233','2024-03-26 09:28:25.000000','8X63+FMQ','Zone changed',21),
(433,'75.9549392','11.3104233','2024-03-26 09:28:25.000000','8X63+FMQ','Zone changed',21),
(434,'75.9549392','11.3104233','2024-03-26 09:28:25.000000','8X63+FMQ','Zone changed',21),
(435,'75.9549392','11.3104233','2024-03-26 09:28:40.000000','8X63+FMQ','Zone changed',21),
(436,'75.9549392','11.3104233','2024-03-26 09:28:40.000000','8X63+FMQ','Zone changed',21),
(437,'75.9549392','11.3104233','2024-03-26 09:28:41.000000','8X63+FMQ','Zone changed',21),
(438,'75.9549392','11.3104233','2024-03-26 09:28:41.000000','8X63+FMQ','Zone changed',21),
(439,'75.9547435','11.3118467','2024-03-26 09:29:04.000000','8X63+WV9','Zone changed',21),
(440,'75.9547435','11.3118467','2024-03-26 09:29:04.000000','8X63+WV9','Zone changed',21),
(441,'75.9547435','11.3118467','2024-03-26 09:29:04.000000','8X63+WV9','Zone changed',21),
(442,'75.9547435','11.3118467','2024-03-26 09:29:15.000000','8X63+WV9','Zone changed',21),
(443,'75.9547435','11.3118467','2024-03-26 09:29:18.000000','8X63+WV9','Zone changed',21),
(444,'75.9547435','11.3118467','2024-03-26 09:29:19.000000','8X63+WV9','Zone changed',21),
(445,'75.9547435','11.3118467','2024-03-26 09:29:19.000000','8X63+WV9','Zone changed',21),
(446,'75.9547435','11.3118467','2024-03-26 09:29:30.000000','8X63+WV9','Zone changed',21),
(447,'75.9547435','11.3118467','2024-03-26 09:29:34.000000','8X63+WV9','Zone changed',21),
(448,'75.9547435','11.3118467','2024-03-26 09:29:34.000000','8X63+WV9','Zone changed',21),
(449,'75.9547435','11.3118467','2024-03-26 09:29:34.000000','8X63+WV9','Zone changed',21),
(450,'75.965374','11.3110796','2024-03-26 09:45:44.000000','8X67+9RR','Zone changed',21),
(451,'75.965374','11.3110796','2024-03-26 09:45:44.000000','8X67+9RR','Zone changed',21),
(452,'75.965374','11.3110796','2024-03-26 09:45:44.000000','8X67+9RR','Zone changed',21),
(453,'75.965374','11.3110796','2024-03-26 09:45:59.000000','8X67+9RR','Zone changed',21),
(454,'75.965374','11.3110796','2024-03-26 09:45:59.000000','8X67+9RR','Zone changed',21),
(455,'75.965374','11.3110796','2024-03-26 09:46:14.000000','8X67+9RR','Zone changed',21),
(456,'75.965374','11.3110796','2024-03-26 09:46:14.000000','8X67+9RR','Zone changed',21),
(457,'75.965374','11.3110796','2024-03-26 09:46:29.000000','8X67+9RR','Zone changed',21),
(458,'75.965374','11.3110796','2024-03-26 09:46:29.000000','8X67+9RR','Zone changed',21),
(459,'75.965374','11.3110796','2024-03-26 09:46:44.000000','8X67+9RR','Zone changed',21),
(460,'75.965374','11.3110796','2024-03-26 09:46:44.000000','8X67+9RR','Zone changed',21),
(461,'75.965374','11.3110796','2024-03-26 09:46:53.000000','8X67+9RR','Zone changed',21),
(462,'75.965374','11.3110796','2024-03-26 09:46:59.000000','8X67+9RR','Zone changed',21),
(463,'75.965374','11.3110796','2024-03-26 09:46:59.000000','8X67+9RR','Zone changed',21),
(464,'75.965374','11.3110796','2024-03-26 09:47:08.000000','8X67+9RR','Zone changed',21),
(465,'75.965374','11.3110796','2024-03-26 09:47:14.000000','8X67+9RR','Zone changed',21),
(466,'75.965374','11.3110796','2024-03-26 09:47:14.000000','8X67+9RR','Zone changed',21),
(467,'75.965374','11.3110796','2024-03-26 09:47:23.000000','8X67+9RR','Zone changed',21),
(468,'75.965374','11.3110796','2024-03-26 09:47:29.000000','8X67+9RR','Zone changed',21),
(469,'75.965374','11.3110796','2024-03-26 09:47:29.000000','8X67+9RR','Zone changed',21),
(470,'75.965374','11.3110796','2024-03-26 09:47:38.000000','8X67+9RR','Zone changed',21),
(471,'75.965374','11.3110796','2024-03-26 09:47:44.000000','8X67+9RR','Zone changed',21),
(472,'75.965374','11.3110796','2024-03-26 09:47:44.000000','8X67+9RR','Zone changed',21),
(473,'75.965374','11.3110796','2024-03-26 09:47:53.000000','8X67+9RR','Zone changed',21),
(474,'75.965374','11.3110796','2024-03-26 09:48:47.000000','8X67+9RR','Zone changed',21),
(475,'75.965374','11.3110796','2024-03-26 09:48:47.000000','8X67+9RR','Zone changed',21),
(476,'75.965374','11.3110796','2024-03-26 09:48:47.000000','8X67+9RR','Zone changed',21),
(477,'75.965374','11.3110796','2024-03-26 09:48:49.000000','8X67+9RR','Zone changed',21),
(478,'75.965374','11.3110796','2024-03-26 09:49:03.000000','8X67+9RR','Zone changed',21),
(479,'75.965374','11.3110796','2024-03-26 09:49:03.000000','8X67+9RR','Zone changed',21),
(480,'75.965374','11.3110796','2024-03-26 09:49:04.000000','8X67+9RR','Zone changed',21),
(481,'75.965374','11.3110796','2024-03-26 09:49:20.000000','8X67+9RR','Zone changed',21),
(482,'75.965374','11.3110796','2024-03-26 09:49:20.000000','8X67+9RR','Zone changed',21),
(483,'75.965374','11.3110796','2024-03-26 09:49:22.000000','8X67+9RR','Zone changed',21);

/*!40101 SET SQL_MODE=@OLD_SQL_MODE */;
/*!40014 SET FOREIGN_KEY_CHECKS=@OLD_FOREIGN_KEY_CHECKS */;
/*!40014 SET UNIQUE_CHECKS=@OLD_UNIQUE_CHECKS */;
/*!40111 SET SQL_NOTES=@OLD_SQL_NOTES */;
